hoja,celda,descripcion,criticidad
Flujo mensual,C3,Etiqueta izquierda: Ingresos,ALTA
Flujo mensual,C7,Etiqueta izquierda: Total Ingresos,ALTA
Flujo mensual,C10,Etiqueta izquierda: Egresos,ALTA
Flujo mensual,C21,Etiqueta izquierda: Total Egresos,ALTA
Flujo mensual,C23,Etiqueta izquierda: Flujo,ALTA
Flujo mensual,C24,Etiqueta izquierda: Flujo acumulado,ALTA
Flujo 5 años C12,E2,Etiqueta izquierda: Ingresos,ALTA
Flujo 5 años C12,G3,Etiqueta izquierda: ='Flujo mensual'!P4,ALTA
Flujo 5 años C12,H3,Etiqueta izquierda: ='Flujo mensual'!$O$4*12*0.9,ALTA
Flujo 5 años C12,I3,Etiqueta izquierda: ='Flujo mensual'!$O$4*12*0.9,ALTA
Flujo 5 años C12,J3,Etiqueta izquierda: ='Flujo mensual'!$O$4*12*0.9,ALTA
Flujo 5 años C12,G4,Etiqueta izquierda: ='Flujo mensual'!G5,ALTA
Flujo 5 años C12,G5,Etiqueta izquierda: ='Flujo mensual'!G6,ALTA
Flujo 5 años C12,E7,Etiqueta izquierda: Total Ingresos,ALTA
Flujo 5 años C12,E9,Etiqueta izquierda: Egresos,ALTA
Flujo 5 años C12,F10,Etiqueta izquierda: ='Flujo mensual'!C11,ALTA
Flujo 5 años C12,G11,Etiqueta izquierda: ='Flujo mensual'!$P$12,ALTA
Flujo 5 años C12,H11,Etiqueta izquierda: ='Flujo mensual'!$P$12,ALTA
Flujo 5 años C12,I11,Etiqueta izquierda: ='Flujo mensual'!$P$12,ALTA
Flujo 5 años C12,J11,Etiqueta izquierda: ='Flujo mensual'!$P$12,ALTA
Flujo 5 años C12,G13,Etiqueta izquierda: ='Flujo mensual'!$P$13,ALTA
Flujo 5 años C12,H13,Etiqueta izquierda: ='Flujo mensual'!$P$13,ALTA
Flujo 5 años C12,I13,Etiqueta izquierda: ='Flujo mensual'!$P$13,ALTA
Flujo 5 años C12,J13,Etiqueta izquierda: ='Flujo mensual'!$P$13,ALTA
Flujo 5 años C12,F14,Etiqueta izquierda: ='Flujo mensual'!P14,ALTA
Flujo 5 años C12,G15,Etiqueta izquierda: ='Flujo mensual'!P15,ALTA
Flujo 5 años C12,G16,Etiqueta izquierda: ='Flujo mensual'!P16,ALTA
Flujo 5 años C12,G17,Etiqueta izquierda: ='Flujo mensual'!P17,ALTA
Flujo 5 años C12,H17,Etiqueta izquierda: ='Flujo mensual'!$O$17*12*0.9,ALTA
Flujo 5 años C12,I17,Etiqueta izquierda: ='Flujo mensual'!$O$17*12*0.9,ALTA
Flujo 5 años C12,J17,Etiqueta izquierda: ='Flujo mensual'!$O$17*12*0.9,ALTA
Flujo 5 años C12,G18,Etiqueta izquierda: ='Flujo mensual'!$P$19,ALTA
Flujo 5 años C12,H18,Etiqueta izquierda: ='Flujo mensual'!$P$19,ALTA
Flujo 5 años C12,I18,Etiqueta izquierda: ='Flujo mensual'!$P$19,ALTA
Flujo 5 años C12,J18,Etiqueta izquierda: ='Flujo mensual'!$P$19,ALTA
Flujo 5 años C12,G20,Etiqueta izquierda: ='Flujo mensual'!P20,ALTA
Flujo 5 años C12,H20,Etiqueta izquierda: ='Flujo mensual'!$O$20*12,ALTA
Flujo 5 años C12,I20,Etiqueta izquierda: ='Flujo mensual'!$O$20*12,ALTA
Flujo 5 años C12,J20,Etiqueta izquierda: ='Flujo mensual'!$O$20*12,ALTA
Flujo 5 años C12,E22,Etiqueta izquierda: Total Egresos,ALTA
Flujo 5 años C12,E24,Etiqueta izquierda: Flujo Anual Proy. Puro (+ C.F.),ALTA
Flujo 5 años C12,E25,Etiqueta izquierda: Flujo acumulado,ALTA
Flujo 5 años C12,E33,Etiqueta izquierda: Flujo Financiamiento,ALTA
Flujo 5 años C12,E35,Etiqueta izquierda: Flujo caja anual,ALTA
Flujo 5 años C12,E36,Etiqueta izquierda: Flujo anual acumulado,ALTA
Flujo 5 años C12 (2),E4,Etiqueta izquierda: Ingresos,ALTA
Flujo 5 años C12 (2),Q4,Etiqueta izquierda: Ingresos,ALTA
Flujo 5 años C12 (2),G5,Etiqueta izquierda: ='Flujo mensual'!P4,ALTA
Flujo 5 años C12 (2),H5,Etiqueta izquierda: ='Flujo mensual'!$O$4*12*0.9,ALTA
Flujo 5 años C12 (2),I5,Etiqueta izquierda: ='Flujo mensual'!$O$4*12*0.9,ALTA
Flujo 5 años C12 (2),J5,Etiqueta izquierda: ='Flujo mensual'!$O$4*12*0.9,ALTA
Flujo 5 años C12 (2),S5,Etiqueta izquierda: ='Flujo 5 años C20'!F3,ALTA
Flujo 5 años C12 (2),T5,Etiqueta izquierda: ='Flujo 5 años C20'!G3,ALTA
Flujo 5 años C12 (2),U5,Etiqueta izquierda: ='Flujo 5 años C20'!H3,ALTA
Flujo 5 años C12 (2),V5,Etiqueta izquierda: ='Flujo 5 años C20'!I3,ALTA
Flujo 5 años C12 (2),G6,Etiqueta izquierda: ='Flujo mensual'!G5,ALTA
Flujo 5 años C12 (2),S6,Etiqueta izquierda: ='Flujo 5 años C20'!F4,ALTA
Flujo 5 años C12 (2),G7,Etiqueta izquierda: ='Flujo mensual'!G6,ALTA
Flujo 5 años C12 (2),S7,Etiqueta izquierda: ='Flujo 5 años C20'!F5,ALTA
Flujo 5 años C12 (2),E9,Etiqueta izquierda: Total Ingresos,ALTA
Flujo 5 años C12 (2),Q9,Etiqueta izquierda: Total Ingresos,ALTA
Flujo 5 años C12 (2),E11,Etiqueta izquierda: Egresos,ALTA
Flujo 5 años C12 (2),Q11,Etiqueta izquierda: Egresos,ALTA
Flujo 5 años C12 (2),F12,Etiqueta izquierda: ='Flujo mensual'!C11,ALTA
Flujo 5 años C12 (2),Q12,Etiqueta izquierda: ='Flujo 5 años C20'!D10,ALTA
Flujo 5 años C12 (2),R12,Etiqueta izquierda: ='Flujo 5 años C20'!E10,ALTA
Flujo 5 años C12 (2),S12,Etiqueta izquierda: ='Flujo 5 años C20'!F10,ALTA
Flujo 5 años C12 (2),T12,Etiqueta izquierda: ='Flujo 5 años C20'!G10,ALTA
Flujo 5 años C12 (2),U12,Etiqueta izquierda: ='Flujo 5 años C20'!H10,ALTA
Flujo 5 años C12 (2),V12,Etiqueta izquierda: ='Flujo 5 años C20'!I10,ALTA
Flujo 5 años C12 (2),W12,Etiqueta izquierda: ='Flujo 5 años C20'!J10,ALTA
Flujo 5 años C12 (2),X12,Etiqueta izquierda: ='Flujo 5 años C20'!K10,ALTA
Flujo 5 años C12 (2),Y12,Etiqueta izquierda: ='Flujo 5 años C20'!L10,ALTA
Flujo 5 años C12 (2),Z12,Etiqueta izquierda: ='Flujo 5 años C20'!M10,ALTA
Flujo 5 años C12 (2),G13,Etiqueta izquierda: ='Flujo mensual'!$P$12,ALTA
Flujo 5 años C12 (2),H13,Etiqueta izquierda: ='Flujo mensual'!$P$12,ALTA
Flujo 5 años C12 (2),I13,Etiqueta izquierda: ='Flujo mensual'!$P$12,ALTA
Flujo 5 años C12 (2),J13,Etiqueta izquierda: ='Flujo mensual'!$P$12,ALTA
Flujo 5 años C12 (2),Q13,Etiqueta izquierda: ='Flujo 5 años C20'!D11,ALTA
Flujo 5 años C12 (2),R13,Etiqueta izquierda: ='Flujo 5 años C20'!E11,ALTA
Flujo 5 años C12 (2),S13,Etiqueta izquierda: ='Flujo 5 años C20'!F11,ALTA
Flujo 5 años C12 (2),T13,Etiqueta izquierda: ='Flujo 5 años C20'!G11,ALTA
Flujo 5 años C12 (2),U13,Etiqueta izquierda: ='Flujo 5 años C20'!H11,ALTA
Flujo 5 años C12 (2),V13,Etiqueta izquierda: ='Flujo 5 años C20'!I11,ALTA
Flujo 5 años C12 (2),W13,Etiqueta izquierda: ='Flujo 5 años C20'!J11,ALTA
Flujo 5 años C12 (2),X13,Etiqueta izquierda: ='Flujo 5 años C20'!K11,ALTA
Flujo 5 años C12 (2),Y13,Etiqueta izquierda: ='Flujo 5 años C20'!L11,ALTA
Flujo 5 años C12 (2),Z13,Etiqueta izquierda: ='Flujo 5 años C20'!M11,ALTA
Flujo 5 años C12 (2),Q14,Etiqueta izquierda: ='Flujo 5 años C20'!D12,ALTA
Flujo 5 años C12 (2),R14,Etiqueta izquierda: ='Flujo 5 años C20'!E12,ALTA
Flujo 5 años C12 (2),S14,Etiqueta izquierda: ='Flujo 5 años C20'!F12,ALTA
Flujo 5 años C12 (2),T14,Etiqueta izquierda: ='Flujo 5 años C20'!G12,ALTA
Flujo 5 años C12 (2),U14,Etiqueta izquierda: ='Flujo 5 años C20'!H12,ALTA
Flujo 5 años C12 (2),V14,Etiqueta izquierda: ='Flujo 5 años C20'!I12,ALTA
Flujo 5 años C12 (2),W14,Etiqueta izquierda: ='Flujo 5 años C20'!J12,ALTA
Flujo 5 años C12 (2),X14,Etiqueta izquierda: ='Flujo 5 años C20'!K12,ALTA
Flujo 5 años C12 (2),Y14,Etiqueta izquierda: ='Flujo 5 años C20'!L12,ALTA
Flujo 5 años C12 (2),Z14,Etiqueta izquierda: ='Flujo 5 años C20'!M12,ALTA
Flujo 5 años C12 (2),G15,Etiqueta izquierda: ='Flujo mensual'!$P$13,ALTA
Flujo 5 años C12 (2),H15,Etiqueta izquierda: ='Flujo mensual'!$P$13,ALTA
Flujo 5 años C12 (2),I15,Etiqueta izquierda: ='Flujo mensual'!$P$13,ALTA
Flujo 5 años C12 (2),J15,Etiqueta izquierda: ='Flujo mensual'!$P$13,ALTA
Flujo 5 años C12 (2),Q15,Etiqueta izquierda: ='Flujo 5 años C20'!D13,ALTA
Flujo 5 años C12 (2),R15,Etiqueta izquierda: ='Flujo 5 años C20'!E13,ALTA
Flujo 5 años C12 (2),S15,Etiqueta izquierda: ='Flujo 5 años C20'!F13,ALTA
Flujo 5 años C12 (2),T15,Etiqueta izquierda: ='Flujo 5 años C20'!G13,ALTA
Flujo 5 años C12 (2),U15,Etiqueta izquierda: ='Flujo 5 años C20'!H13,ALTA
Flujo 5 años C12 (2),V15,Etiqueta izquierda: ='Flujo 5 años C20'!I13,ALTA
Flujo 5 años C12 (2),W15,Etiqueta izquierda: ='Flujo 5 años C20'!J13,ALTA
Flujo 5 años C12 (2),X15,Etiqueta izquierda: ='Flujo 5 años C20'!K13,ALTA
Flujo 5 años C12 (2),Y15,Etiqueta izquierda: ='Flujo 5 años C20'!L13,ALTA
Flujo 5 años C12 (2),Z15,Etiqueta izquierda: ='Flujo 5 años C20'!M13,ALTA
Flujo 5 años C12 (2),F16,Etiqueta izquierda: ='Flujo mensual'!P14,ALTA
Flujo 5 años C12 (2),Q16,Etiqueta izquierda: ='Flujo 5 años C20'!D14,ALTA
Flujo 5 años C12 (2),R16,Etiqueta izquierda: ='Flujo 5 años C20'!E14,ALTA
Flujo 5 años C12 (2),S16,Etiqueta izquierda: ='Flujo 5 años C20'!F14,ALTA
Flujo 5 años C12 (2),T16,Etiqueta izquierda: ='Flujo 5 años C20'!G14,ALTA
Flujo 5 años C12 (2),U16,Etiqueta izquierda: ='Flujo 5 años C20'!H14,ALTA
Flujo 5 años C12 (2),V16,Etiqueta izquierda: ='Flujo 5 años C20'!I14,ALTA
Flujo 5 años C12 (2),W16,Etiqueta izquierda: ='Flujo 5 años C20'!J14,ALTA
Flujo 5 años C12 (2),X16,Etiqueta izquierda: ='Flujo 5 años C20'!K14,ALTA
Flujo 5 años C12 (2),Y16,Etiqueta izquierda: ='Flujo 5 años C20'!L14,ALTA
Flujo 5 años C12 (2),Z16,Etiqueta izquierda: ='Flujo 5 años C20'!M14,ALTA
Flujo 5 años C12 (2),G17,Etiqueta izquierda: ='Flujo mensual'!P15,ALTA
Flujo 5 años C12 (2),Q17,Etiqueta izquierda: ='Flujo 5 años C20'!D15,ALTA
Flujo 5 años C12 (2),R17,Etiqueta izquierda: ='Flujo 5 años C20'!E15,ALTA
Flujo 5 años C12 (2),S17,Etiqueta izquierda: ='Flujo 5 años C20'!F15,ALTA
Flujo 5 años C12 (2),T17,Etiqueta izquierda: ='Flujo 5 años C20'!G15,ALTA
Flujo 5 años C12 (2),U17,Etiqueta izquierda: ='Flujo 5 años C20'!H15,ALTA
Flujo 5 años C12 (2),V17,Etiqueta izquierda: ='Flujo 5 años C20'!I15,ALTA
Flujo 5 años C12 (2),W17,Etiqueta izquierda: ='Flujo 5 años C20'!J15,ALTA
Flujo 5 años C12 (2),X17,Etiqueta izquierda: ='Flujo 5 años C20'!K15,ALTA
Flujo 5 años C12 (2),Y17,Etiqueta izquierda: ='Flujo 5 años C20'!L15,ALTA
Flujo 5 años C12 (2),Z17,Etiqueta izquierda: ='Flujo 5 años C20'!M15,ALTA
Flujo 5 años C12 (2),G18,Etiqueta izquierda: ='Flujo mensual'!P16,ALTA
Flujo 5 años C12 (2),Q18,Etiqueta izquierda: ='Flujo 5 años C20'!D16,ALTA
Flujo 5 años C12 (2),R18,Etiqueta izquierda: ='Flujo 5 años C20'!E16,ALTA
Flujo 5 años C12 (2),S18,Etiqueta izquierda: ='Flujo 5 años C20'!F16,ALTA
Flujo 5 años C12 (2),T18,Etiqueta izquierda: ='Flujo 5 años C20'!G16,ALTA
Flujo 5 años C12 (2),U18,Etiqueta izquierda: ='Flujo 5 años C20'!H16,ALTA
Flujo 5 años C12 (2),V18,Etiqueta izquierda: ='Flujo 5 años C20'!I16,ALTA
Flujo 5 años C12 (2),W18,Etiqueta izquierda: ='Flujo 5 años C20'!J16,ALTA
Flujo 5 años C12 (2),X18,Etiqueta izquierda: ='Flujo 5 años C20'!K16,ALTA
Flujo 5 años C12 (2),Y18,Etiqueta izquierda: ='Flujo 5 años C20'!L16,ALTA
Flujo 5 años C12 (2),Z18,Etiqueta izquierda: ='Flujo 5 años C20'!M16,ALTA
Flujo 5 años C12 (2),G19,Etiqueta izquierda: ='Flujo mensual'!P17,ALTA
Flujo 5 años C12 (2),H19,Etiqueta izquierda: ='Flujo mensual'!$O$17*12*0.9,ALTA
Flujo 5 años C12 (2),I19,Etiqueta izquierda: ='Flujo mensual'!$O$17*12*0.9,ALTA
Flujo 5 años C12 (2),J19,Etiqueta izquierda: ='Flujo mensual'!$O$17*12*0.9,ALTA
Flujo 5 años C12 (2),Q19,Etiqueta izquierda: ='Flujo 5 años C20'!D17,ALTA
Flujo 5 años C12 (2),R19,Etiqueta izquierda: ='Flujo 5 años C20'!E17,ALTA
Flujo 5 años C12 (2),S19,Etiqueta izquierda: ='Flujo 5 años C20'!F17,ALTA
Flujo 5 años C12 (2),T19,Etiqueta izquierda: ='Flujo 5 años C20'!G17,ALTA
Flujo 5 años C12 (2),U19,Etiqueta izquierda: ='Flujo 5 años C20'!H17,ALTA
Flujo 5 años C12 (2),V19,Etiqueta izquierda: ='Flujo 5 años C20'!I17,ALTA
Flujo 5 años C12 (2),W19,Etiqueta izquierda: ='Flujo 5 años C20'!J17,ALTA
Flujo 5 años C12 (2),X19,Etiqueta izquierda: ='Flujo 5 años C20'!K17,ALTA
Flujo 5 años C12 (2),Y19,Etiqueta izquierda: ='Flujo 5 años C20'!L17,ALTA
Flujo 5 años C12 (2),Z19,Etiqueta izquierda: ='Flujo 5 años C20'!M17,ALTA
Flujo 5 años C12 (2),G20,Etiqueta izquierda: ='Flujo mensual'!$P$19,ALTA
Flujo 5 años C12 (2),H20,Etiqueta izquierda: ='Flujo mensual'!$P$19,ALTA
Flujo 5 años C12 (2),I20,Etiqueta izquierda: ='Flujo mensual'!$P$19,ALTA
Flujo 5 años C12 (2),J20,Etiqueta izquierda: ='Flujo mensual'!$P$19,ALTA
Flujo 5 años C12 (2),Q20,Etiqueta izquierda: ='Flujo 5 años C20'!D18,ALTA
Flujo 5 años C12 (2),R20,Etiqueta izquierda: ='Flujo 5 años C20'!E18,ALTA
Flujo 5 años C12 (2),S20,Etiqueta izquierda: ='Flujo 5 años C20'!F18,ALTA
Flujo 5 años C12 (2),T20,Etiqueta izquierda: ='Flujo 5 años C20'!G18,ALTA
Flujo 5 años C12 (2),U20,Etiqueta izquierda: ='Flujo 5 años C20'!H18,ALTA
Flujo 5 años C12 (2),V20,Etiqueta izquierda: ='Flujo 5 años C20'!I18,ALTA
Flujo 5 años C12 (2),W20,Etiqueta izquierda: ='Flujo 5 años C20'!J18,ALTA
Flujo 5 años C12 (2),X20,Etiqueta izquierda: ='Flujo 5 años C20'!K18,ALTA
Flujo 5 años C12 (2),Y20,Etiqueta izquierda: ='Flujo 5 años C20'!L18,ALTA
Flujo 5 años C12 (2),Z20,Etiqueta izquierda: ='Flujo 5 años C20'!M18,ALTA
Flujo 5 años C12 (2),Q21,Etiqueta izquierda: ='Flujo 5 años C20'!D19,ALTA
Flujo 5 años C12 (2),R21,Etiqueta izquierda: ='Flujo 5 años C20'!E19,ALTA
Flujo 5 años C12 (2),S21,Etiqueta izquierda: ='Flujo 5 años C20'!F19,ALTA
Flujo 5 años C12 (2),T21,Etiqueta izquierda: ='Flujo 5 años C20'!G19,ALTA
Flujo 5 años C12 (2),U21,Etiqueta izquierda: ='Flujo 5 años C20'!H19,ALTA
Flujo 5 años C12 (2),V21,Etiqueta izquierda: ='Flujo 5 años C20'!I19,ALTA
Flujo 5 años C12 (2),W21,Etiqueta izquierda: ='Flujo 5 años C20'!J19,ALTA
Flujo 5 años C12 (2),X21,Etiqueta izquierda: ='Flujo 5 años C20'!K19,ALTA
Flujo 5 años C12 (2),Y21,Etiqueta izquierda: ='Flujo 5 años C20'!L19,ALTA
Flujo 5 años C12 (2),Z21,Etiqueta izquierda: ='Flujo 5 años C20'!M19,ALTA
Flujo 5 años C12 (2),G22,Etiqueta izquierda: ='Flujo mensual'!P20,ALTA
Flujo 5 años C12 (2),H22,Etiqueta izquierda: ='Flujo mensual'!$O$20*12,ALTA
Flujo 5 años C12 (2),I22,Etiqueta izquierda: ='Flujo mensual'!$O$20*12,ALTA
Flujo 5 años C12 (2),J22,Etiqueta izquierda: ='Flujo mensual'!$O$20*12,ALTA
Flujo 5 años C12 (2),Q22,Etiqueta izquierda: ='Flujo 5 años C20'!D20,ALTA
Flujo 5 años C12 (2),R22,Etiqueta izquierda: ='Flujo 5 años C20'!E20,ALTA
Flujo 5 años C12 (2),S22,Etiqueta izquierda: ='Flujo 5 años C20'!F20,ALTA
Flujo 5 años C12 (2),T22,Etiqueta izquierda: ='Flujo 5 años C20'!G20,ALTA
Flujo 5 años C12 (2),U22,Etiqueta izquierda: ='Flujo 5 años C20'!H20,ALTA
Flujo 5 años C12 (2),V22,Etiqueta izquierda: ='Flujo 5 años C20'!I20,ALTA
Flujo 5 años C12 (2),W22,Etiqueta izquierda: ='Flujo 5 años C20'!J20,ALTA
Flujo 5 años C12 (2),X22,Etiqueta izquierda: ='Flujo 5 años C20'!K20,ALTA
Flujo 5 años C12 (2),Y22,Etiqueta izquierda: ='Flujo 5 años C20'!L20,ALTA
Flujo 5 años C12 (2),Z22,Etiqueta izquierda: ='Flujo 5 años C20'!M20,ALTA
Flujo 5 años C12 (2),E24,Etiqueta izquierda: Total Egresos,ALTA
Flujo 5 años C12 (2),Q24,Etiqueta izquierda: Total Egresos,ALTA
Flujo 5 años C12 (2),E26,Etiqueta izquierda: Flujo Proyecto,ALTA
Flujo 5 años C12 (2),Q26,Etiqueta izquierda: Flujo Proyecto,ALTA
Flujo 5 años C12 (2),E27,Etiqueta izquierda: Flujo acumulado,ALTA
Flujo 5 años C12 (2),Q27,Etiqueta izquierda: Flujo acumulado,ALTA
Flujo 5 años C12 (2),R32,Etiqueta izquierda: ='Flujo 5 años C20'!E30,ALTA
Flujo 5 años C12 (2),S32,Etiqueta izquierda: ='Flujo 5 años C20'!F30,ALTA
Flujo 5 años C12 (2),T32,Etiqueta izquierda: ='Flujo 5 años C20'!G30,ALTA
Flujo 5 años C12 (2),U32,Etiqueta izquierda: ='Flujo 5 años C20'!H30,ALTA
Flujo 5 años C12 (2),V32,Etiqueta izquierda: ='Flujo 5 años C20'!I30,ALTA
Flujo 5 años C12 (2),W32,Etiqueta izquierda: ='Flujo 5 años C20'!J30,ALTA
Flujo 5 años C12 (2),X32,Etiqueta izquierda: ='Flujo 5 años C20'!K30,ALTA
Flujo 5 años C12 (2),Y32,Etiqueta izquierda: ='Flujo 5 años C20'!L30,ALTA
Flujo 5 años C12 (2),Z32,Etiqueta izquierda: ='Flujo 5 años C20'!M30,ALTA
Flujo 5 años C12 (2),R33,Etiqueta izquierda: ='Flujo 5 años C20'!E31,ALTA
Flujo 5 años C12 (2),S33,Etiqueta izquierda: ='Flujo 5 años C20'!F31,ALTA
Flujo 5 años C12 (2),T33,Etiqueta izquierda: ='Flujo 5 años C20'!G31,ALTA
Flujo 5 años C12 (2),U33,Etiqueta izquierda: ='Flujo 5 años C20'!H31,ALTA
Flujo 5 años C12 (2),V33,Etiqueta izquierda: ='Flujo 5 años C20'!I31,ALTA
Flujo 5 años C12 (2),W33,Etiqueta izquierda: ='Flujo 5 años C20'!J31,ALTA
Flujo 5 años C12 (2),X33,Etiqueta izquierda: ='Flujo 5 años C20'!K31,ALTA
Flujo 5 años C12 (2),Y33,Etiqueta izquierda: ='Flujo 5 años C20'!L31,ALTA
Flujo 5 años C12 (2),Z33,Etiqueta izquierda: ='Flujo 5 años C20'!M31,ALTA
Flujo 5 años C12 (2),E35,Etiqueta izquierda: Flujo Financiamiento,ALTA
Flujo 5 años C12 (2),Q35,Etiqueta izquierda: Flujo Financiamiento,ALTA
Flujo 5 años C12 (2),E37,Etiqueta izquierda: Flujo caja anual,ALTA
Flujo 5 años C12 (2),Q37,Etiqueta izquierda: Flujo caja anual,ALTA
Flujo 5 años C12 (2),E38,Etiqueta izquierda: Flujo anual acumulado,ALTA
Flujo 5 años C12 (2),Q38,Etiqueta izquierda: Flujo anual acumulado,ALTA
Flujo 5 años C12 (2),R40,Etiqueta izquierda: ='Flujo 5 años C20'!E38,ALTA
Flujo 5 años C12 (2),S40,Etiqueta izquierda: ='Flujo 5 años C20'!F38,ALTA
Flujo 5 años C12 (2),T40,Etiqueta izquierda: ='Flujo 5 años C20'!G38,ALTA
Flujo 5 años C12 (2),U40,Etiqueta izquierda: ='Flujo 5 años C20'!H38,ALTA
Flujo 5 años C12 (2),V40,Etiqueta izquierda: ='Flujo 5 años C20'!I38,ALTA
Flujo 5 años C12 (2),W40,Etiqueta izquierda: ='Flujo 5 años C20'!J38,ALTA
Flujo 5 años C12 (2),X40,Etiqueta izquierda: ='Flujo 5 años C20'!K38,ALTA
Flujo 5 años C12 (2),Y40,Etiqueta izquierda: ='Flujo 5 años C20'!L38,ALTA
Flujo 5 años C12 (2),Z40,Etiqueta izquierda: ='Flujo 5 años C20'!M38,ALTA
Crédito C12,E3,Etiqueta izquierda: ='Flujo 5 años C12'!E30,ALTA
Crédito C12,Q3,Etiqueta izquierda: ='Flujo 5 años C12'!G30,ALTA
Crédito C12,AC3,Etiqueta izquierda: ='Flujo 5 años C12'!H30,ALTA
Crédito C12,AO3,Etiqueta izquierda: ='Flujo 5 años C12'!I30,ALTA
Crédito C12,BA3,Etiqueta izquierda: ='Flujo 5 años C12'!J30,ALTA
Flujo 5 años C20,E2,Etiqueta izquierda: Ingresos,ALTA
Flujo 5 años C20,G3,Etiqueta izquierda: ='Flujo mensual'!P4,ALTA
Flujo 5 años C20,H3,Etiqueta izquierda: ='Flujo mensual'!$O$4*12*0.9,ALTA
Flujo 5 años C20,I3,Etiqueta izquierda: ='Flujo mensual'!$O$4*12*0.9,ALTA
Flujo 5 años C20,J3,Etiqueta izquierda: ='Flujo mensual'!$O$4*12*0.9,ALTA
Flujo 5 años C20,G4,Etiqueta izquierda: ='Flujo mensual'!G5,ALTA
Flujo 5 años C20,G5,Etiqueta izquierda: ='Flujo mensual'!G6,ALTA
Flujo 5 años C20,E7,Etiqueta izquierda: Total Ingresos,ALTA
Flujo 5 años C20,E9,Etiqueta izquierda: Egresos,ALTA
Flujo 5 años C20,F10,Etiqueta izquierda: ='Flujo mensual'!C11,ALTA
Flujo 5 años C20,G11,Etiqueta izquierda: ='Flujo mensual'!$P$12,ALTA
Flujo 5 años C20,H11,Etiqueta izquierda: ='Flujo mensual'!$P$12,ALTA
Flujo 5 años C20,I11,Etiqueta izquierda: ='Flujo mensual'!$P$12,ALTA
Flujo 5 años C20,J11,Etiqueta izquierda: ='Flujo mensual'!$P$12,ALTA
Flujo 5 años C20,F14,Etiqueta izquierda: ='Flujo mensual'!P14,ALTA
Flujo 5 años C20,G15,Etiqueta izquierda: ='Flujo mensual'!P15,ALTA
Flujo 5 años C20,G16,Etiqueta izquierda: ='Flujo mensual'!P16,ALTA
Flujo 5 años C20,G17,Etiqueta izquierda: ='Flujo mensual'!P17,ALTA
Flujo 5 años C20,H17,Etiqueta izquierda: ='Flujo mensual'!$O$17*12*0.9,ALTA
Flujo 5 años C20,I17,Etiqueta izquierda: ='Flujo mensual'!$O$17*12*0.9,ALTA
Flujo 5 años C20,J17,Etiqueta izquierda: ='Flujo mensual'!$O$17*12*0.9,ALTA
Flujo 5 años C20,G18,Etiqueta izquierda: ='Flujo mensual'!$P$19,ALTA
Flujo 5 años C20,H18,Etiqueta izquierda: ='Flujo mensual'!$P$19,ALTA
Flujo 5 años C20,I18,Etiqueta izquierda: ='Flujo mensual'!$P$19,ALTA
Flujo 5 años C20,J18,Etiqueta izquierda: ='Flujo mensual'!$P$19,ALTA
Flujo 5 años C20,G20,Etiqueta izquierda: ='Flujo mensual'!P20,ALTA
Flujo 5 años C20,H20,Etiqueta izquierda: ='Flujo mensual'!$O$20*12,ALTA
Flujo 5 años C20,I20,Etiqueta izquierda: ='Flujo mensual'!$O$20*12,ALTA
Flujo 5 años C20,J20,Etiqueta izquierda: ='Flujo mensual'!$O$20*12,ALTA
Flujo 5 años C20,E22,Etiqueta izquierda: Total Egresos,ALTA
Flujo 5 años C20,E24,Etiqueta izquierda: Flujo Anual Proy. Puro (+ C.F.),ALTA
Flujo 5 años C20,E25,Etiqueta izquierda: Flujo acumulado,ALTA
Flujo 5 años C20,E33,Etiqueta izquierda: Flujo Financiamiento,ALTA
Flujo 5 años C20,E35,Etiqueta izquierda: Flujo caja anual,ALTA
Flujo 5 años C20,E36,Etiqueta izquierda: Flujo anual acumulado,ALTA
Crédito C20,E3,Etiqueta izquierda: ='Flujo 5 años C12'!E30,ALTA
Crédito C20,AC3,Etiqueta izquierda: ='Flujo 5 años C20'!H30,ALTA
Crédito C20,AO3,Etiqueta izquierda: ='Flujo 5 años C20'!I30,ALTA
Crédito C20,BA3,Etiqueta izquierda: ='Flujo 5 años C12'!J30,ALTA
