tipo,ubicacion,descripcion,impacto
FORMULA_COMPLEJA,Hoja1!O3,"=VLOOKUP(M3,$B$3:$K$17,10,0)",MEDIO
FORMULA_COMPLEJA,Hoja1!O4,"=VLOOKUP(M4,$B$3:$K$17,10,0)",MEDIO
FORMULA_COMPLEJA,Hoja1!O5,"=VLOOKUP(M5,$B$3:$K$17,10,0)",MEDIO
FORMULA_COMPLEJA,Hoja1!O6,"=VLOOKUP(M6,$B$3:$K$17,10,0)",MEDIO
FORMULA_COMPLEJA,Hoja1!O7,"=VLOOKUP(M7,$B$3:$K$17,10,0)",MEDIO
FORMULA_COMPLEJA,Hoja1!O8,"=VLOOKUP(M8,$B$3:$K$17,10,0)",MEDIO
FORMULA_COMPLEJA,Hoja1!O9,"=VLOOKUP(M9,$B$3:$K$17,10,0)",MEDIO
FORMULA_COMPLEJA,Hoja1!O10,"=VLOOKUP(M10,$B$3:$K$17,10,0)",MEDIO
FORMULA_COMPLEJA,Hoja1!O11,"=VLOOKUP(M11,$B$3:$K$17,10,0)",MEDIO
FORMULA_COMPLEJA,Hoja1!O12,"=VLOOKUP(M12,$B$3:$K$17,10,0)",MEDIO
FORMULA_COMPLEJA,Hoja1!O13,"=VLOOKUP(M13,$B$3:$K$17,10,0)",MEDIO
FORMULA_COMPLEJA,Hoja1!O14,"=VLOOKUP(M14,$B$3:$K$17,10,0)",MEDIO
FORMULA_COMPLEJA,Hoja1!O15,"=VLOOKUP(M15,$B$3:$K$17,10,0)",MEDIO
FORMULA_COMPLEJA,Hoja1!O16,"=VLOOKUP(M16,$B$3:$K$17,10,0)",MEDIO
FORMULA_COMPLEJA,Hoja1!O17,"=VLOOKUP(M17,$B$3:$K$17,10,0)",MEDIO
FORMULA_COMPLEJA,Crédito Comercial 12A!H9,"=PMT($D$5/12,$D$7,$D$4)",MEDIO
FORMULA_COMPLEJA,Crédito Comercial 12A!H10,"=PMT($D$5/12,$D$7,$D$4)",MEDIO
FORMULA_COMPLEJA,Crédito Comercial 12A!H11,"=PMT($D$5/12,$D$7,$D$4)",MEDIO
FORMULA_COMPLEJA,Crédito Comercial 12A!H12,"=PMT($D$5/12,$D$7,$D$4)",MEDIO
FORMULA_COMPLEJA,Crédito Comercial 12A!H13,"=PMT($D$5/12,$D$7,$D$4)",MEDIO
FORMULA_COMPLEJA,Crédito Comercial 12A!H14,"=PMT($D$5/12,$D$7,$D$4)",MEDIO
FORMULA_COMPLEJA,Crédito Comercial 12A!H15,"=PMT($D$5/12,$D$7,$D$4)",MEDIO
FORMULA_COMPLEJA,Crédito Comercial 12A!H16,"=PMT($D$5/12,$D$7,$D$4)",MEDIO
FORMULA_COMPLEJA,Crédito Comercial 12A!H17,"=PMT($D$5/12,$D$7,$D$4)",MEDIO
FORMULA_COMPLEJA,Crédito Comercial 12A!H18,"=PMT($D$5/12,$D$7,$D$4)",MEDIO
FORMULA_COMPLEJA,Crédito Comercial 12A!H19,"=PMT($D$5/12,$D$7,$D$4)",MEDIO
FORMULA_COMPLEJA,Crédito Comercial 12A!H20,"=PMT($D$5/12,$D$7,$D$4)",MEDIO
FORMULA_COMPLEJA,Crédito Comercial 12A!H21,"=PMT($D$5/12,$D$7,$D$4)",MEDIO
FORMULA_COMPLEJA,Crédito Comercial 12A!H22,"=PMT($D$5/12,$D$7,$D$4)",MEDIO
FORMULA_COMPLEJA,Crédito Comercial 12A!H23,"=PMT($D$5/12,$D$7,$D$4)",MEDIO
FORMULA_COMPLEJA,Crédito Comercial 12A!H24,"=PMT($D$5/12,$D$7,$D$4)",MEDIO
FORMULA_COMPLEJA,Crédito Comercial 12A!H25,"=PMT($D$5/12,$D$7,$D$4)",MEDIO
FORMULA_COMPLEJA,Crédito Comercial 12A!H26,"=PMT($D$5/12,$D$7,$D$4)",MEDIO
FORMULA_COMPLEJA,Crédito Comercial 12A!H27,"=PMT($D$5/12,$D$7,$D$4)",MEDIO
FORMULA_COMPLEJA,Crédito Comercial 12A!H28,"=PMT($D$5/12,$D$7,$D$4)",MEDIO
FORMULA_COMPLEJA,Crédito Comercial 12A!H29,"=PMT($D$5/12,$D$7,$D$4)",MEDIO
FORMULA_COMPLEJA,Crédito Comercial 12A!H30,"=PMT($D$5/12,$D$7,$D$4)",MEDIO
FORMULA_COMPLEJA,Crédito Comercial 12A!H31,"=PMT($D$5/12,$D$7,$D$4)",MEDIO
FORMULA_COMPLEJA,Crédito Comercial 12A!H32,"=PMT($D$5/12,$D$7,$D$4)",MEDIO
FORMULA_COMPLEJA,Crédito Comercial 12A!H33,"=PMT($D$5/12,$D$7,$D$4)",MEDIO
FORMULA_COMPLEJA,Crédito Comercial 12A!H34,"=PMT($D$5/12,$D$7,$D$4)",MEDIO
FORMULA_COMPLEJA,Crédito Comercial 12A!H35,"=PMT($D$5/12,$D$7,$D$4)",MEDIO
FORMULA_COMPLEJA,Crédito Comercial 12A!H36,"=PMT($D$5/12,$D$7,$D$4)",MEDIO
FORMULA_COMPLEJA,Crédito Comercial 12A!H37,"=PMT($D$5/12,$D$7,$D$4)",MEDIO
FORMULA_COMPLEJA,Crédito Comercial 12A!H38,"=PMT($D$5/12,$D$7,$D$4)",MEDIO
FORMULA_COMPLEJA,Crédito Comercial 12A!H39,"=PMT($D$5/12,$D$7,$D$4)",MEDIO
FORMULA_COMPLEJA,Crédito Comercial 12A!H40,"=PMT($D$5/12,$D$7,$D$4)",MEDIO
FORMULA_COMPLEJA,Crédito Comercial 12A!H41,"=PMT($D$5/12,$D$7,$D$4)",MEDIO
FORMULA_COMPLEJA,Crédito Comercial 12A!H42,"=PMT($D$5/12,$D$7,$D$4)",MEDIO
FORMULA_COMPLEJA,Crédito Comercial 12A!H43,"=PMT($D$5/12,$D$7,$D$4)",MEDIO
FORMULA_COMPLEJA,Crédito Comercial 12A!H44,"=PMT($D$5/12,$D$7,$D$4)",MEDIO
FORMULA_COMPLEJA,Crédito Comercial 12A!H45,"=PMT($D$5/12,$D$7,$D$4)",MEDIO
FORMULA_COMPLEJA,Crédito Comercial 12A!H46,"=PMT($D$5/12,$D$7,$D$4)",MEDIO
FORMULA_COMPLEJA,Crédito Comercial 12A!H47,"=PMT($D$5/12,$D$7,$D$4)",MEDIO
FORMULA_COMPLEJA,Crédito Comercial 12A!H48,"=PMT($D$5/12,$D$7,$D$4)",MEDIO
FORMULA_COMPLEJA,Crédito Comercial 12A!H49,"=PMT($D$5/12,$D$7,$D$4)",MEDIO
FORMULA_COMPLEJA,Crédito Comercial 12A!H50,"=PMT($D$5/12,$D$7,$D$4)",MEDIO
FORMULA_COMPLEJA,Crédito Comercial 12A!H51,"=PMT($D$5/12,$D$7,$D$4)",MEDIO
FORMULA_COMPLEJA,Crédito Comercial 12A!H52,"=PMT($D$5/12,$D$7,$D$4)",MEDIO
FORMULA_COMPLEJA,Crédito Comercial 12A!H53,"=PMT($D$5/12,$D$7,$D$4)",MEDIO
FORMULA_COMPLEJA,Crédito Comercial 12A!H54,"=PMT($D$5/12,$D$7,$D$4)",MEDIO
FORMULA_COMPLEJA,Crédito Comercial 12A!H55,"=PMT($D$5/12,$D$7,$D$4)",MEDIO
FORMULA_COMPLEJA,Crédito Comercial 12A!H56,"=PMT($D$5/12,$D$7,$D$4)",MEDIO
FORMULA_COMPLEJA,Crédito Comercial 12A!H57,"=PMT($D$5/12,$D$7,$D$4)",MEDIO
FORMULA_COMPLEJA,Crédito Comercial 12A!H58,"=PMT($D$5/12,$D$7,$D$4)",MEDIO
FORMULA_COMPLEJA,Crédito Comercial 12A!H59,"=PMT($D$5/12,$D$7,$D$4)",MEDIO
FORMULA_COMPLEJA,Crédito Comercial 12A!H60,"=PMT($D$5/12,$D$7,$D$4)",MEDIO
FORMULA_COMPLEJA,Crédito Comercial 12A!H61,"=PMT($D$5/12,$D$7,$D$4)",MEDIO
FORMULA_COMPLEJA,Crédito Comercial 12A!H62,"=PMT($D$5/12,$D$7,$D$4)",MEDIO
FORMULA_COMPLEJA,Crédito Comercial 12A!H63,"=PMT($D$5/12,$D$7,$D$4)",MEDIO
FORMULA_COMPLEJA,Crédito Comercial 12A!H64,"=PMT($D$5/12,$D$7,$D$4)",MEDIO
FORMULA_COMPLEJA,Crédito Comercial 12A!H65,"=PMT($D$5/12,$D$7,$D$4)",MEDIO
FORMULA_COMPLEJA,Crédito Comercial 12A!H66,"=PMT($D$5/12,$D$7,$D$4)",MEDIO
FORMULA_COMPLEJA,Crédito Comercial 12A!H67,"=PMT($D$5/12,$D$7,$D$4)",MEDIO
FORMULA_COMPLEJA,Crédito Comercial 12A!H68,"=PMT($D$5/12,$D$7,$D$4)",MEDIO
FORMULA_COMPLEJA,Crédito Comercial 12A!H69,"=PMT($D$5/12,$D$7,$D$4)",MEDIO
FORMULA_COMPLEJA,Crédito Comercial 12A!H70,"=PMT($D$5/12,$D$7,$D$4)",MEDIO
FORMULA_COMPLEJA,Crédito Comercial 12A!H71,"=PMT($D$5/12,$D$7,$D$4)",MEDIO
FORMULA_COMPLEJA,Crédito Comercial 12A!H72,"=PMT($D$5/12,$D$7,$D$4)",MEDIO
FORMULA_COMPLEJA,Crédito Comercial 12A!H73,"=PMT($D$5/12,$D$7,$D$4)",MEDIO
FORMULA_COMPLEJA,Crédito Comercial 12A!H74,"=PMT($D$5/12,$D$7,$D$4)",MEDIO
FORMULA_COMPLEJA,Crédito Comercial 12A!H75,"=PMT($D$5/12,$D$7,$D$4)",MEDIO
FORMULA_COMPLEJA,Crédito Comercial 12A!H76,"=PMT($D$5/12,$D$7,$D$4)",MEDIO
FORMULA_COMPLEJA,Crédito Comercial 12A!H77,"=PMT($D$5/12,$D$7,$D$4)",MEDIO
FORMULA_COMPLEJA,Crédito Comercial 12A!H78,"=PMT($D$5/12,$D$7,$D$4)",MEDIO
FORMULA_COMPLEJA,Crédito Comercial 12A!H79,"=PMT($D$5/12,$D$7,$D$4)",MEDIO
FORMULA_COMPLEJA,Crédito Comercial 12A!H80,"=PMT($D$5/12,$D$7,$D$4)",MEDIO
FORMULA_COMPLEJA,Crédito Comercial 12A!H81,"=PMT($D$5/12,$D$7,$D$4)",MEDIO
FORMULA_COMPLEJA,Crédito Comercial 12A!H82,"=PMT($D$5/12,$D$7,$D$4)",MEDIO
FORMULA_COMPLEJA,Crédito Comercial 12A!H83,"=PMT($D$5/12,$D$7,$D$4)",MEDIO
FORMULA_COMPLEJA,Crédito Comercial 12A!H84,"=PMT($D$5/12,$D$7,$D$4)",MEDIO
FORMULA_COMPLEJA,Crédito Comercial 12A!H85,"=PMT($D$5/12,$D$7,$D$4)",MEDIO
FORMULA_COMPLEJA,Crédito Comercial 12A!H86,"=PMT($D$5/12,$D$7,$D$4)",MEDIO
FORMULA_COMPLEJA,Crédito Comercial 12A!H87,"=PMT($D$5/12,$D$7,$D$4)",MEDIO
FORMULA_COMPLEJA,Crédito Comercial 12A!H88,"=PMT($D$5/12,$D$7,$D$4)",MEDIO
FORMULA_COMPLEJA,Crédito Comercial 12A!H89,"=PMT($D$5/12,$D$7,$D$4)",MEDIO
FORMULA_COMPLEJA,Crédito Comercial 12A!H90,"=PMT($D$5/12,$D$7,$D$4)",MEDIO
FORMULA_COMPLEJA,Crédito Comercial 12A!H91,"=PMT($D$5/12,$D$7,$D$4)",MEDIO
FORMULA_COMPLEJA,Crédito Comercial 12A!H92,"=PMT($D$5/12,$D$7,$D$4)",MEDIO
FORMULA_COMPLEJA,Crédito Comercial 12A!H93,"=PMT($D$5/12,$D$7,$D$4)",MEDIO
FORMULA_COMPLEJA,Crédito Comercial 12A!H94,"=PMT($D$5/12,$D$7,$D$4)",MEDIO
FORMULA_COMPLEJA,Crédito Comercial 12A!H95,"=PMT($D$5/12,$D$7,$D$4)",MEDIO
FORMULA_COMPLEJA,Crédito Comercial 12A!H96,"=PMT($D$5/12,$D$7,$D$4)",MEDIO
FORMULA_COMPLEJA,Crédito Comercial 12A!H97,"=PMT($D$5/12,$D$7,$D$4)",MEDIO
FORMULA_COMPLEJA,Crédito Comercial 12A!H98,"=PMT($D$5/12,$D$7,$D$4)",MEDIO
FORMULA_COMPLEJA,Crédito Comercial 12A!H99,"=PMT($D$5/12,$D$7,$D$4)",MEDIO
FORMULA_COMPLEJA,Crédito Comercial 12A!H100,"=PMT($D$5/12,$D$7,$D$4)",MEDIO
FORMULA_COMPLEJA,Crédito Comercial 12A!H101,"=PMT($D$5/12,$D$7,$D$4)",MEDIO
FORMULA_COMPLEJA,Crédito Comercial 12A!H102,"=PMT($D$5/12,$D$7,$D$4)",MEDIO
FORMULA_COMPLEJA,Crédito Comercial 12A!H103,"=PMT($D$5/12,$D$7,$D$4)",MEDIO
FORMULA_COMPLEJA,Crédito Comercial 12A!H104,"=PMT($D$5/12,$D$7,$D$4)",MEDIO
FORMULA_COMPLEJA,Crédito Comercial 12A!H105,"=PMT($D$5/12,$D$7,$D$4)",MEDIO
FORMULA_COMPLEJA,Crédito Comercial 12A!H106,"=PMT($D$5/12,$D$7,$D$4)",MEDIO
FORMULA_COMPLEJA,Crédito Comercial 12A!H107,"=PMT($D$5/12,$D$7,$D$4)",MEDIO
FORMULA_COMPLEJA,Crédito Comercial 12A!H108,"=PMT($D$5/12,$D$7,$D$4)",MEDIO
FORMULA_COMPLEJA,Crédito Comercial 12A!H109,"=PMT($D$5/12,$D$7,$D$4)",MEDIO
FORMULA_COMPLEJA,Crédito Comercial 12A!H110,"=PMT($D$5/12,$D$7,$D$4)",MEDIO
FORMULA_COMPLEJA,Crédito Comercial 12A!H111,"=PMT($D$5/12,$D$7,$D$4)",MEDIO
FORMULA_COMPLEJA,Crédito Comercial 12A!H112,"=PMT($D$5/12,$D$7,$D$4)",MEDIO
FORMULA_COMPLEJA,Crédito Comercial 12A!H113,"=PMT($D$5/12,$D$7,$D$4)",MEDIO
FORMULA_COMPLEJA,Crédito Comercial 12A!H114,"=PMT($D$5/12,$D$7,$D$4)",MEDIO
FORMULA_COMPLEJA,Crédito Comercial 12A!H115,"=PMT($D$5/12,$D$7,$D$4)",MEDIO
FORMULA_COMPLEJA,Crédito Comercial 12A!H116,"=PMT($D$5/12,$D$7,$D$4)",MEDIO
FORMULA_COMPLEJA,Crédito Comercial 12A!H117,"=PMT($D$5/12,$D$7,$D$4)",MEDIO
FORMULA_COMPLEJA,Crédito Comercial 12A!H118,"=PMT($D$5/12,$D$7,$D$4)",MEDIO
FORMULA_COMPLEJA,Crédito Comercial 12A!H119,"=PMT($D$5/12,$D$7,$D$4)",MEDIO
FORMULA_COMPLEJA,Crédito Comercial 12A!H120,"=PMT($D$5/12,$D$7,$D$4)",MEDIO
FORMULA_COMPLEJA,Crédito Comercial 12A!H121,"=PMT($D$5/12,$D$7,$D$4)",MEDIO
FORMULA_COMPLEJA,Crédito Comercial 12A!H122,"=PMT($D$5/12,$D$7,$D$4)",MEDIO
FORMULA_COMPLEJA,Crédito Comercial 12A!H123,"=PMT($D$5/12,$D$7,$D$4)",MEDIO
FORMULA_COMPLEJA,Crédito Comercial 12A!H124,"=PMT($D$5/12,$D$7,$D$4)",MEDIO
FORMULA_COMPLEJA,Crédito Comercial 12A!H125,"=PMT($D$5/12,$D$7,$D$4)",MEDIO
FORMULA_COMPLEJA,Crédito Comercial 12A!H126,"=PMT($D$5/12,$D$7,$D$4)",MEDIO
FORMULA_COMPLEJA,Crédito Comercial 12A!H127,"=PMT($D$5/12,$D$7,$D$4)",MEDIO
FORMULA_COMPLEJA,Crédito Comercial 12A!H128,"=PMT($D$5/12,$D$7,$D$4)",MEDIO
FORMULA_COMPLEJA,Crédito Comercial 12A!H129,"=PMT($D$5/12,$D$7,$D$4)",MEDIO
FORMULA_COMPLEJA,Crédito Comercial 12A!H130,"=PMT($D$5/12,$D$7,$D$4)",MEDIO
FORMULA_COMPLEJA,Crédito Comercial 12A!H131,"=PMT($D$5/12,$D$7,$D$4)",MEDIO
FORMULA_COMPLEJA,Crédito Comercial 12A!H132,"=PMT($D$5/12,$D$7,$D$4)",MEDIO
FORMULA_COMPLEJA,Crédito Comercial 12A!H133,"=PMT($D$5/12,$D$7,$D$4)",MEDIO
FORMULA_COMPLEJA,Crédito Comercial 12A!H134,"=PMT($D$5/12,$D$7,$D$4)",MEDIO
FORMULA_COMPLEJA,Crédito Comercial 12A!H135,"=PMT($D$5/12,$D$7,$D$4)",MEDIO
FORMULA_COMPLEJA,Crédito Comercial 12A!H136,"=PMT($D$5/12,$D$7,$D$4)",MEDIO
FORMULA_COMPLEJA,Crédito Comercial 12A!H137,"=PMT($D$5/12,$D$7,$D$4)",MEDIO
FORMULA_COMPLEJA,Crédito Comercial 12A!H138,"=PMT($D$5/12,$D$7,$D$4)",MEDIO
FORMULA_COMPLEJA,Crédito Comercial 12A!H139,"=PMT($D$5/12,$D$7,$D$4)",MEDIO
FORMULA_COMPLEJA,Crédito Comercial 12A!H140,"=PMT($D$5/12,$D$7,$D$4)",MEDIO
FORMULA_COMPLEJA,Crédito Comercial 12A!H141,"=PMT($D$5/12,$D$7,$D$4)",MEDIO
FORMULA_COMPLEJA,Crédito Comercial 12A!H142,"=PMT($D$5/12,$D$7,$D$4)",MEDIO
FORMULA_COMPLEJA,Crédito Comercial 12A!H143,"=PMT($D$5/12,$D$7,$D$4)",MEDIO
FORMULA_COMPLEJA,Crédito Comercial 12A!H144,"=PMT($D$5/12,$D$7,$D$4)",MEDIO
FORMULA_COMPLEJA,Crédito Comercial 12A!H145,"=PMT($D$5/12,$D$7,$D$4)",MEDIO
FORMULA_COMPLEJA,Crédito Comercial 12A!H146,"=PMT($D$5/12,$D$7,$D$4)",MEDIO
FORMULA_COMPLEJA,Crédito Comercial 12A!H147,"=PMT($D$5/12,$D$7,$D$4)",MEDIO
FORMULA_COMPLEJA,Crédito Comercial 12A!H148,"=PMT($D$5/12,$D$7,$D$4)",MEDIO
FORMULA_COMPLEJA,Crédito Comercial 12A!H149,"=PMT($D$5/12,$D$7,$D$4)",MEDIO
FORMULA_COMPLEJA,Crédito Comercial 12A!H150,"=PMT($D$5/12,$D$7,$D$4)",MEDIO
FORMULA_COMPLEJA,Crédito Comercial 12A!H151,"=PMT($D$5/12,$D$7,$D$4)",MEDIO
FORMULA_COMPLEJA,Crédito Comercial 20A!H9,"=PMT($D$5/12,$D$7,$D$4)",MEDIO
FORMULA_COMPLEJA,Crédito Comercial 20A!H10,"=PMT($D$5/12,$D$7,$D$4)",MEDIO
FORMULA_COMPLEJA,Crédito Comercial 20A!H11,"=PMT($D$5/12,$D$7,$D$4)",MEDIO
FORMULA_COMPLEJA,Crédito Comercial 20A!H12,"=PMT($D$5/12,$D$7,$D$4)",MEDIO
FORMULA_COMPLEJA,Crédito Comercial 20A!H13,"=PMT($D$5/12,$D$7,$D$4)",MEDIO
FORMULA_COMPLEJA,Crédito Comercial 20A!H14,"=PMT($D$5/12,$D$7,$D$4)",MEDIO
FORMULA_COMPLEJA,Crédito Comercial 20A!H15,"=PMT($D$5/12,$D$7,$D$4)",MEDIO
FORMULA_COMPLEJA,Crédito Comercial 20A!H16,"=PMT($D$5/12,$D$7,$D$4)",MEDIO
FORMULA_COMPLEJA,Crédito Comercial 20A!H17,"=PMT($D$5/12,$D$7,$D$4)",MEDIO
FORMULA_COMPLEJA,Crédito Comercial 20A!H18,"=PMT($D$5/12,$D$7,$D$4)",MEDIO
FORMULA_COMPLEJA,Crédito Comercial 20A!H19,"=PMT($D$5/12,$D$7,$D$4)",MEDIO
FORMULA_COMPLEJA,Crédito Comercial 20A!H20,"=PMT($D$5/12,$D$7,$D$4)",MEDIO
FORMULA_COMPLEJA,Crédito Comercial 20A!H21,"=PMT($D$5/12,$D$7,$D$4)",MEDIO
FORMULA_COMPLEJA,Crédito Comercial 20A!H22,"=PMT($D$5/12,$D$7,$D$4)",MEDIO
FORMULA_COMPLEJA,Crédito Comercial 20A!H23,"=PMT($D$5/12,$D$7,$D$4)",MEDIO
FORMULA_COMPLEJA,Crédito Comercial 20A!H24,"=PMT($D$5/12,$D$7,$D$4)",MEDIO
FORMULA_COMPLEJA,Crédito Comercial 20A!H25,"=PMT($D$5/12,$D$7,$D$4)",MEDIO
FORMULA_COMPLEJA,Crédito Comercial 20A!H26,"=PMT($D$5/12,$D$7,$D$4)",MEDIO
FORMULA_COMPLEJA,Crédito Comercial 20A!H27,"=PMT($D$5/12,$D$7,$D$4)",MEDIO
FORMULA_COMPLEJA,Crédito Comercial 20A!H28,"=PMT($D$5/12,$D$7,$D$4)",MEDIO
FORMULA_COMPLEJA,Crédito Comercial 20A!H29,"=PMT($D$5/12,$D$7,$D$4)",MEDIO
FORMULA_COMPLEJA,Crédito Comercial 20A!H30,"=PMT($D$5/12,$D$7,$D$4)",MEDIO
FORMULA_COMPLEJA,Crédito Comercial 20A!H31,"=PMT($D$5/12,$D$7,$D$4)",MEDIO
FORMULA_COMPLEJA,Crédito Comercial 20A!H32,"=PMT($D$5/12,$D$7,$D$4)",MEDIO
FORMULA_COMPLEJA,Crédito Comercial 20A!H33,"=PMT($D$5/12,$D$7,$D$4)",MEDIO
FORMULA_COMPLEJA,Crédito Comercial 20A!H34,"=PMT($D$5/12,$D$7,$D$4)",MEDIO
FORMULA_COMPLEJA,Crédito Comercial 20A!H35,"=PMT($D$5/12,$D$7,$D$4)",MEDIO
FORMULA_COMPLEJA,Crédito Comercial 20A!H36,"=PMT($D$5/12,$D$7,$D$4)",MEDIO
FORMULA_COMPLEJA,Crédito Comercial 20A!H37,"=PMT($D$5/12,$D$7,$D$4)",MEDIO
FORMULA_COMPLEJA,Crédito Comercial 20A!H38,"=PMT($D$5/12,$D$7,$D$4)",MEDIO
FORMULA_COMPLEJA,Crédito Comercial 20A!H39,"=PMT($D$5/12,$D$7,$D$4)",MEDIO
FORMULA_COMPLEJA,Crédito Comercial 20A!H40,"=PMT($D$5/12,$D$7,$D$4)",MEDIO
FORMULA_COMPLEJA,Crédito Comercial 20A!H41,"=PMT($D$5/12,$D$7,$D$4)",MEDIO
FORMULA_COMPLEJA,Crédito Comercial 20A!H42,"=PMT($D$5/12,$D$7,$D$4)",MEDIO
FORMULA_COMPLEJA,Crédito Comercial 20A!H43,"=PMT($D$5/12,$D$7,$D$4)",MEDIO
FORMULA_COMPLEJA,Crédito Comercial 20A!H44,"=PMT($D$5/12,$D$7,$D$4)",MEDIO
FORMULA_COMPLEJA,Crédito Comercial 20A!H45,"=PMT($D$5/12,$D$7,$D$4)",MEDIO
FORMULA_COMPLEJA,Crédito Comercial 20A!H46,"=PMT($D$5/12,$D$7,$D$4)",MEDIO
FORMULA_COMPLEJA,Crédito Comercial 20A!H47,"=PMT($D$5/12,$D$7,$D$4)",MEDIO
FORMULA_COMPLEJA,Crédito Comercial 20A!H48,"=PMT($D$5/12,$D$7,$D$4)",MEDIO
FORMULA_COMPLEJA,Crédito Comercial 20A!H49,"=PMT($D$5/12,$D$7,$D$4)",MEDIO
FORMULA_COMPLEJA,Crédito Comercial 20A!H50,"=PMT($D$5/12,$D$7,$D$4)",MEDIO
FORMULA_COMPLEJA,Crédito Comercial 20A!H51,"=PMT($D$5/12,$D$7,$D$4)",MEDIO
FORMULA_COMPLEJA,Crédito Comercial 20A!H52,"=PMT($D$5/12,$D$7,$D$4)",MEDIO
FORMULA_COMPLEJA,Crédito Comercial 20A!H53,"=PMT($D$5/12,$D$7,$D$4)",MEDIO
FORMULA_COMPLEJA,Crédito Comercial 20A!H54,"=PMT($D$5/12,$D$7,$D$4)",MEDIO
FORMULA_COMPLEJA,Crédito Comercial 20A!H55,"=PMT($D$5/12,$D$7,$D$4)",MEDIO
FORMULA_COMPLEJA,Crédito Comercial 20A!H56,"=PMT($D$5/12,$D$7,$D$4)",MEDIO
FORMULA_COMPLEJA,Crédito Comercial 20A!H57,"=PMT($D$5/12,$D$7,$D$4)",MEDIO
FORMULA_COMPLEJA,Crédito Comercial 20A!H58,"=PMT($D$5/12,$D$7,$D$4)",MEDIO
FORMULA_COMPLEJA,Crédito Comercial 20A!H59,"=PMT($D$5/12,$D$7,$D$4)",MEDIO
FORMULA_COMPLEJA,Crédito Comercial 20A!H60,"=PMT($D$5/12,$D$7,$D$4)",MEDIO
FORMULA_COMPLEJA,Crédito Comercial 20A!H61,"=PMT($D$5/12,$D$7,$D$4)",MEDIO
FORMULA_COMPLEJA,Crédito Comercial 20A!H62,"=PMT($D$5/12,$D$7,$D$4)",MEDIO
FORMULA_COMPLEJA,Crédito Comercial 20A!H63,"=PMT($D$5/12,$D$7,$D$4)",MEDIO
FORMULA_COMPLEJA,Crédito Comercial 20A!H64,"=PMT($D$5/12,$D$7,$D$4)",MEDIO
FORMULA_COMPLEJA,Crédito Comercial 20A!H65,"=PMT($D$5/12,$D$7,$D$4)",MEDIO
FORMULA_COMPLEJA,Crédito Comercial 20A!H66,"=PMT($D$5/12,$D$7,$D$4)",MEDIO
FORMULA_COMPLEJA,Crédito Comercial 20A!H67,"=PMT($D$5/12,$D$7,$D$4)",MEDIO
FORMULA_COMPLEJA,Crédito Comercial 20A!H68,"=PMT($D$5/12,$D$7,$D$4)",MEDIO
FORMULA_COMPLEJA,Crédito Comercial 20A!H69,"=PMT($D$5/12,$D$7,$D$4)",MEDIO
FORMULA_COMPLEJA,Crédito Comercial 20A!H70,"=PMT($D$5/12,$D$7,$D$4)",MEDIO
FORMULA_COMPLEJA,Crédito Comercial 20A!H71,"=PMT($D$5/12,$D$7,$D$4)",MEDIO
FORMULA_COMPLEJA,Crédito Comercial 20A!H72,"=PMT($D$5/12,$D$7,$D$4)",MEDIO
FORMULA_COMPLEJA,Crédito Comercial 20A!H73,"=PMT($D$5/12,$D$7,$D$4)",MEDIO
FORMULA_COMPLEJA,Crédito Comercial 20A!H74,"=PMT($D$5/12,$D$7,$D$4)",MEDIO
FORMULA_COMPLEJA,Crédito Comercial 20A!H75,"=PMT($D$5/12,$D$7,$D$4)",MEDIO
FORMULA_COMPLEJA,Crédito Comercial 20A!H76,"=PMT($D$5/12,$D$7,$D$4)",MEDIO
FORMULA_COMPLEJA,Crédito Comercial 20A!H77,"=PMT($D$5/12,$D$7,$D$4)",MEDIO
FORMULA_COMPLEJA,Crédito Comercial 20A!H78,"=PMT($D$5/12,$D$7,$D$4)",MEDIO
FORMULA_COMPLEJA,Crédito Comercial 20A!H79,"=PMT($D$5/12,$D$7,$D$4)",MEDIO
FORMULA_COMPLEJA,Crédito Comercial 20A!H80,"=PMT($D$5/12,$D$7,$D$4)",MEDIO
FORMULA_COMPLEJA,Crédito Comercial 20A!H81,"=PMT($D$5/12,$D$7,$D$4)",MEDIO
FORMULA_COMPLEJA,Crédito Comercial 20A!H82,"=PMT($D$5/12,$D$7,$D$4)",MEDIO
FORMULA_COMPLEJA,Crédito Comercial 20A!H83,"=PMT($D$5/12,$D$7,$D$4)",MEDIO
FORMULA_COMPLEJA,Crédito Comercial 20A!H84,"=PMT($D$5/12,$D$7,$D$4)",MEDIO
FORMULA_COMPLEJA,Crédito Comercial 20A!H85,"=PMT($D$5/12,$D$7,$D$4)",MEDIO
FORMULA_COMPLEJA,Crédito Comercial 20A!H86,"=PMT($D$5/12,$D$7,$D$4)",MEDIO
FORMULA_COMPLEJA,Crédito Comercial 20A!H87,"=PMT($D$5/12,$D$7,$D$4)",MEDIO
FORMULA_COMPLEJA,Crédito Comercial 20A!H88,"=PMT($D$5/12,$D$7,$D$4)",MEDIO
FORMULA_COMPLEJA,Crédito Comercial 20A!H89,"=PMT($D$5/12,$D$7,$D$4)",MEDIO
FORMULA_COMPLEJA,Crédito Comercial 20A!H90,"=PMT($D$5/12,$D$7,$D$4)",MEDIO
FORMULA_COMPLEJA,Crédito Comercial 20A!H91,"=PMT($D$5/12,$D$7,$D$4)",MEDIO
FORMULA_COMPLEJA,Crédito Comercial 20A!H92,"=PMT($D$5/12,$D$7,$D$4)",MEDIO
FORMULA_COMPLEJA,Crédito Comercial 20A!H93,"=PMT($D$5/12,$D$7,$D$4)",MEDIO
FORMULA_COMPLEJA,Crédito Comercial 20A!H94,"=PMT($D$5/12,$D$7,$D$4)",MEDIO
FORMULA_COMPLEJA,Crédito Comercial 20A!H95,"=PMT($D$5/12,$D$7,$D$4)",MEDIO
FORMULA_COMPLEJA,Crédito Comercial 20A!H96,"=PMT($D$5/12,$D$7,$D$4)",MEDIO
FORMULA_COMPLEJA,Crédito Comercial 20A!H97,"=PMT($D$5/12,$D$7,$D$4)",MEDIO
FORMULA_COMPLEJA,Crédito Comercial 20A!H98,"=PMT($D$5/12,$D$7,$D$4)",MEDIO
FORMULA_COMPLEJA,Crédito Comercial 20A!H99,"=PMT($D$5/12,$D$7,$D$4)",MEDIO
FORMULA_COMPLEJA,Crédito Comercial 20A!H100,"=PMT($D$5/12,$D$7,$D$4)",MEDIO
FORMULA_COMPLEJA,Crédito Comercial 20A!H101,"=PMT($D$5/12,$D$7,$D$4)",MEDIO
FORMULA_COMPLEJA,Crédito Comercial 20A!H102,"=PMT($D$5/12,$D$7,$D$4)",MEDIO
FORMULA_COMPLEJA,Crédito Comercial 20A!H103,"=PMT($D$5/12,$D$7,$D$4)",MEDIO
FORMULA_COMPLEJA,Crédito Comercial 20A!H104,"=PMT($D$5/12,$D$7,$D$4)",MEDIO
FORMULA_COMPLEJA,Crédito Comercial 20A!H105,"=PMT($D$5/12,$D$7,$D$4)",MEDIO
FORMULA_COMPLEJA,Crédito Comercial 20A!H106,"=PMT($D$5/12,$D$7,$D$4)",MEDIO
FORMULA_COMPLEJA,Crédito Comercial 20A!H107,"=PMT($D$5/12,$D$7,$D$4)",MEDIO
FORMULA_COMPLEJA,Crédito Comercial 20A!H108,"=PMT($D$5/12,$D$7,$D$4)",MEDIO
FORMULA_COMPLEJA,Crédito Comercial 20A!H109,"=PMT($D$5/12,$D$7,$D$4)",MEDIO
FORMULA_COMPLEJA,Crédito Comercial 20A!H110,"=PMT($D$5/12,$D$7,$D$4)",MEDIO
FORMULA_COMPLEJA,Crédito Comercial 20A!H111,"=PMT($D$5/12,$D$7,$D$4)",MEDIO
FORMULA_COMPLEJA,Crédito Comercial 20A!H112,"=PMT($D$5/12,$D$7,$D$4)",MEDIO
FORMULA_COMPLEJA,Crédito Comercial 20A!H113,"=PMT($D$5/12,$D$7,$D$4)",MEDIO
FORMULA_COMPLEJA,Crédito Comercial 20A!H114,"=PMT($D$5/12,$D$7,$D$4)",MEDIO
FORMULA_COMPLEJA,Crédito Comercial 20A!H115,"=PMT($D$5/12,$D$7,$D$4)",MEDIO
FORMULA_COMPLEJA,Crédito Comercial 20A!H116,"=PMT($D$5/12,$D$7,$D$4)",MEDIO
FORMULA_COMPLEJA,Crédito Comercial 20A!H117,"=PMT($D$5/12,$D$7,$D$4)",MEDIO
FORMULA_COMPLEJA,Crédito Comercial 20A!H118,"=PMT($D$5/12,$D$7,$D$4)",MEDIO
FORMULA_COMPLEJA,Crédito Comercial 20A!H119,"=PMT($D$5/12,$D$7,$D$4)",MEDIO
FORMULA_COMPLEJA,Crédito Comercial 20A!H120,"=PMT($D$5/12,$D$7,$D$4)",MEDIO
FORMULA_COMPLEJA,Crédito Comercial 20A!H121,"=PMT($D$5/12,$D$7,$D$4)",MEDIO
FORMULA_COMPLEJA,Crédito Comercial 20A!H122,"=PMT($D$5/12,$D$7,$D$4)",MEDIO
FORMULA_COMPLEJA,Crédito Comercial 20A!H123,"=PMT($D$5/12,$D$7,$D$4)",MEDIO
FORMULA_COMPLEJA,Crédito Comercial 20A!H124,"=PMT($D$5/12,$D$7,$D$4)",MEDIO
FORMULA_COMPLEJA,Crédito Comercial 20A!H125,"=PMT($D$5/12,$D$7,$D$4)",MEDIO
FORMULA_COMPLEJA,Crédito Comercial 20A!H126,"=PMT($D$5/12,$D$7,$D$4)",MEDIO
FORMULA_COMPLEJA,Crédito Comercial 20A!H127,"=PMT($D$5/12,$D$7,$D$4)",MEDIO
FORMULA_COMPLEJA,Crédito Comercial 20A!H128,"=PMT($D$5/12,$D$7,$D$4)",MEDIO
FORMULA_COMPLEJA,Crédito Comercial 20A!H129,"=PMT($D$5/12,$D$7,$D$4)",MEDIO
FORMULA_COMPLEJA,Crédito Comercial 20A!H130,"=PMT($D$5/12,$D$7,$D$4)",MEDIO
FORMULA_COMPLEJA,Crédito Comercial 20A!H131,"=PMT($D$5/12,$D$7,$D$4)",MEDIO
FORMULA_COMPLEJA,Crédito Comercial 20A!H132,"=PMT($D$5/12,$D$7,$D$4)",MEDIO
FORMULA_COMPLEJA,Crédito Comercial 20A!H133,"=PMT($D$5/12,$D$7,$D$4)",MEDIO
FORMULA_COMPLEJA,Crédito Comercial 20A!H134,"=PMT($D$5/12,$D$7,$D$4)",MEDIO
FORMULA_COMPLEJA,Crédito Comercial 20A!H135,"=PMT($D$5/12,$D$7,$D$4)",MEDIO
FORMULA_COMPLEJA,Crédito Comercial 20A!H136,"=PMT($D$5/12,$D$7,$D$4)",MEDIO
FORMULA_COMPLEJA,Crédito Comercial 20A!H137,"=PMT($D$5/12,$D$7,$D$4)",MEDIO
FORMULA_COMPLEJA,Crédito Comercial 20A!H138,"=PMT($D$5/12,$D$7,$D$4)",MEDIO
FORMULA_COMPLEJA,Crédito Comercial 20A!H139,"=PMT($D$5/12,$D$7,$D$4)",MEDIO
FORMULA_COMPLEJA,Crédito Comercial 20A!H140,"=PMT($D$5/12,$D$7,$D$4)",MEDIO
FORMULA_COMPLEJA,Crédito Comercial 20A!H141,"=PMT($D$5/12,$D$7,$D$4)",MEDIO
FORMULA_COMPLEJA,Crédito Comercial 20A!H142,"=PMT($D$5/12,$D$7,$D$4)",MEDIO
FORMULA_COMPLEJA,Crédito Comercial 20A!H143,"=PMT($D$5/12,$D$7,$D$4)",MEDIO
FORMULA_COMPLEJA,Crédito Comercial 20A!H144,"=PMT($D$5/12,$D$7,$D$4)",MEDIO
FORMULA_COMPLEJA,Crédito Comercial 20A!H145,"=PMT($D$5/12,$D$7,$D$4)",MEDIO
FORMULA_COMPLEJA,Crédito Comercial 20A!H146,"=PMT($D$5/12,$D$7,$D$4)",MEDIO
FORMULA_COMPLEJA,Crédito Comercial 20A!H147,"=PMT($D$5/12,$D$7,$D$4)",MEDIO
FORMULA_COMPLEJA,Crédito Comercial 20A!H148,"=PMT($D$5/12,$D$7,$D$4)",MEDIO
FORMULA_COMPLEJA,Crédito Comercial 20A!H149,"=PMT($D$5/12,$D$7,$D$4)",MEDIO
FORMULA_COMPLEJA,Crédito Comercial 20A!H150,"=PMT($D$5/12,$D$7,$D$4)",MEDIO
FORMULA_COMPLEJA,Crédito Comercial 20A!H151,"=PMT($D$5/12,$D$7,$D$4)",MEDIO
FORMULA_COMPLEJA,Crédito Comercial 20A!H152,"=PMT($D$5/12,$D$7,$D$4)",MEDIO
FORMULA_COMPLEJA,Crédito Comercial 20A!H153,"=PMT($D$5/12,$D$7,$D$4)",MEDIO
FORMULA_COMPLEJA,Crédito Comercial 20A!H154,"=PMT($D$5/12,$D$7,$D$4)",MEDIO
FORMULA_COMPLEJA,Crédito Comercial 20A!H155,"=PMT($D$5/12,$D$7,$D$4)",MEDIO
FORMULA_COMPLEJA,Crédito Comercial 20A!H156,"=PMT($D$5/12,$D$7,$D$4)",MEDIO
FORMULA_COMPLEJA,Crédito Comercial 20A!H157,"=PMT($D$5/12,$D$7,$D$4)",MEDIO
FORMULA_COMPLEJA,Crédito Comercial 20A!H158,"=PMT($D$5/12,$D$7,$D$4)",MEDIO
FORMULA_COMPLEJA,Crédito Comercial 20A!H159,"=PMT($D$5/12,$D$7,$D$4)",MEDIO
FORMULA_COMPLEJA,Crédito Comercial 20A!H160,"=PMT($D$5/12,$D$7,$D$4)",MEDIO
FORMULA_COMPLEJA,Crédito Comercial 20A!H161,"=PMT($D$5/12,$D$7,$D$4)",MEDIO
FORMULA_COMPLEJA,Crédito Comercial 20A!H162,"=PMT($D$5/12,$D$7,$D$4)",MEDIO
FORMULA_COMPLEJA,Crédito Comercial 20A!H163,"=PMT($D$5/12,$D$7,$D$4)",MEDIO
FORMULA_COMPLEJA,Crédito Comercial 20A!H164,"=PMT($D$5/12,$D$7,$D$4)",MEDIO
FORMULA_COMPLEJA,Crédito Comercial 20A!H165,"=PMT($D$5/12,$D$7,$D$4)",MEDIO
FORMULA_COMPLEJA,Crédito Comercial 20A!H166,"=PMT($D$5/12,$D$7,$D$4)",MEDIO
FORMULA_COMPLEJA,Crédito Comercial 20A!H167,"=PMT($D$5/12,$D$7,$D$4)",MEDIO
FORMULA_COMPLEJA,Crédito Comercial 20A!H168,"=PMT($D$5/12,$D$7,$D$4)",MEDIO
FORMULA_COMPLEJA,Crédito Comercial 20A!H169,"=PMT($D$5/12,$D$7,$D$4)",MEDIO
FORMULA_COMPLEJA,Crédito Comercial 20A!H170,"=PMT($D$5/12,$D$7,$D$4)",MEDIO
FORMULA_COMPLEJA,Crédito Comercial 20A!H171,"=PMT($D$5/12,$D$7,$D$4)",MEDIO
FORMULA_COMPLEJA,Crédito Comercial 20A!H172,"=PMT($D$5/12,$D$7,$D$4)",MEDIO
FORMULA_COMPLEJA,Crédito Comercial 20A!H173,"=PMT($D$5/12,$D$7,$D$4)",MEDIO
FORMULA_COMPLEJA,Crédito Comercial 20A!H174,"=PMT($D$5/12,$D$7,$D$4)",MEDIO
FORMULA_COMPLEJA,Crédito Comercial 20A!H175,"=PMT($D$5/12,$D$7,$D$4)",MEDIO
FORMULA_COMPLEJA,Crédito Comercial 20A!H176,"=PMT($D$5/12,$D$7,$D$4)",MEDIO
FORMULA_COMPLEJA,Crédito Comercial 20A!H177,"=PMT($D$5/12,$D$7,$D$4)",MEDIO
FORMULA_COMPLEJA,Crédito Comercial 20A!H178,"=PMT($D$5/12,$D$7,$D$4)",MEDIO
FORMULA_COMPLEJA,Crédito Comercial 20A!H179,"=PMT($D$5/12,$D$7,$D$4)",MEDIO
FORMULA_COMPLEJA,Crédito Comercial 20A!H180,"=PMT($D$5/12,$D$7,$D$4)",MEDIO
FORMULA_COMPLEJA,Crédito Comercial 20A!H181,"=PMT($D$5/12,$D$7,$D$4)",MEDIO
FORMULA_COMPLEJA,Crédito Comercial 20A!H182,"=PMT($D$5/12,$D$7,$D$4)",MEDIO
FORMULA_COMPLEJA,Crédito Comercial 20A!H183,"=PMT($D$5/12,$D$7,$D$4)",MEDIO
FORMULA_COMPLEJA,Crédito Comercial 20A!H184,"=PMT($D$5/12,$D$7,$D$4)",MEDIO
FORMULA_COMPLEJA,Crédito Comercial 20A!H185,"=PMT($D$5/12,$D$7,$D$4)",MEDIO
FORMULA_COMPLEJA,Crédito Comercial 20A!H186,"=PMT($D$5/12,$D$7,$D$4)",MEDIO
FORMULA_COMPLEJA,Crédito Comercial 20A!H187,"=PMT($D$5/12,$D$7,$D$4)",MEDIO
FORMULA_COMPLEJA,Crédito Comercial 20A!H188,"=PMT($D$5/12,$D$7,$D$4)",MEDIO
FORMULA_COMPLEJA,Crédito Comercial 20A!H189,"=PMT($D$5/12,$D$7,$D$4)",MEDIO
FORMULA_COMPLEJA,Crédito Comercial 20A!H190,"=PMT($D$5/12,$D$7,$D$4)",MEDIO
FORMULA_COMPLEJA,Crédito Comercial 20A!H191,"=PMT($D$5/12,$D$7,$D$4)",MEDIO
FORMULA_COMPLEJA,Crédito Comercial 20A!H192,"=PMT($D$5/12,$D$7,$D$4)",MEDIO
FORMULA_COMPLEJA,Crédito Comercial 20A!H193,"=PMT($D$5/12,$D$7,$D$4)",MEDIO
FORMULA_COMPLEJA,Crédito Comercial 20A!H194,"=PMT($D$5/12,$D$7,$D$4)",MEDIO
FORMULA_COMPLEJA,Crédito Comercial 20A!H195,"=PMT($D$5/12,$D$7,$D$4)",MEDIO
FORMULA_COMPLEJA,Crédito Comercial 20A!H196,"=PMT($D$5/12,$D$7,$D$4)",MEDIO
FORMULA_COMPLEJA,Crédito Comercial 20A!H197,"=PMT($D$5/12,$D$7,$D$4)",MEDIO
FORMULA_COMPLEJA,Crédito Comercial 20A!H198,"=PMT($D$5/12,$D$7,$D$4)",MEDIO
FORMULA_COMPLEJA,Crédito Comercial 20A!H199,"=PMT($D$5/12,$D$7,$D$4)",MEDIO
FORMULA_COMPLEJA,Crédito Comercial 20A!H200,"=PMT($D$5/12,$D$7,$D$4)",MEDIO
FORMULA_COMPLEJA,Crédito Comercial 20A!H201,"=PMT($D$5/12,$D$7,$D$4)",MEDIO
FORMULA_COMPLEJA,Crédito Comercial 20A!H202,"=PMT($D$5/12,$D$7,$D$4)",MEDIO
FORMULA_COMPLEJA,Crédito Comercial 20A!H203,"=PMT($D$5/12,$D$7,$D$4)",MEDIO
FORMULA_COMPLEJA,Crédito Comercial 20A!H204,"=PMT($D$5/12,$D$7,$D$4)",MEDIO
FORMULA_COMPLEJA,Crédito Comercial 20A!H205,"=PMT($D$5/12,$D$7,$D$4)",MEDIO
FORMULA_COMPLEJA,Crédito Comercial 20A!H206,"=PMT($D$5/12,$D$7,$D$4)",MEDIO
FORMULA_COMPLEJA,Crédito Comercial 20A!H207,"=PMT($D$5/12,$D$7,$D$4)",MEDIO
FORMULA_COMPLEJA,Crédito Comercial 20A!H208,"=PMT($D$5/12,$D$7,$D$4)",MEDIO
FORMULA_COMPLEJA,Crédito Comercial 20A!H209,"=PMT($D$5/12,$D$7,$D$4)",MEDIO
FORMULA_COMPLEJA,Crédito Comercial 20A!H210,"=PMT($D$5/12,$D$7,$D$4)",MEDIO
FORMULA_COMPLEJA,Crédito Comercial 20A!H211,"=PMT($D$5/12,$D$7,$D$4)",MEDIO
FORMULA_COMPLEJA,Crédito Comercial 20A!H212,"=PMT($D$5/12,$D$7,$D$4)",MEDIO
FORMULA_COMPLEJA,Crédito Comercial 20A!H213,"=PMT($D$5/12,$D$7,$D$4)",MEDIO
FORMULA_COMPLEJA,Crédito Comercial 20A!H214,"=PMT($D$5/12,$D$7,$D$4)",MEDIO
FORMULA_COMPLEJA,Crédito Comercial 20A!H215,"=PMT($D$5/12,$D$7,$D$4)",MEDIO
FORMULA_COMPLEJA,Crédito Comercial 20A!H216,"=PMT($D$5/12,$D$7,$D$4)",MEDIO
FORMULA_COMPLEJA,Crédito Comercial 20A!H217,"=PMT($D$5/12,$D$7,$D$4)",MEDIO
FORMULA_COMPLEJA,Crédito Comercial 20A!H218,"=PMT($D$5/12,$D$7,$D$4)",MEDIO
FORMULA_COMPLEJA,Crédito Comercial 20A!H219,"=PMT($D$5/12,$D$7,$D$4)",MEDIO
FORMULA_COMPLEJA,Crédito Comercial 20A!H220,"=PMT($D$5/12,$D$7,$D$4)",MEDIO
FORMULA_COMPLEJA,Crédito Comercial 20A!H221,"=PMT($D$5/12,$D$7,$D$4)",MEDIO
FORMULA_COMPLEJA,Crédito Comercial 20A!H222,"=PMT($D$5/12,$D$7,$D$4)",MEDIO
FORMULA_COMPLEJA,Crédito Comercial 20A!H223,"=PMT($D$5/12,$D$7,$D$4)",MEDIO
FORMULA_COMPLEJA,Crédito Comercial 20A!H224,"=PMT($D$5/12,$D$7,$D$4)",MEDIO
FORMULA_COMPLEJA,Crédito Comercial 20A!H225,"=PMT($D$5/12,$D$7,$D$4)",MEDIO
FORMULA_COMPLEJA,Crédito Comercial 20A!H226,"=PMT($D$5/12,$D$7,$D$4)",MEDIO
FORMULA_COMPLEJA,Crédito Comercial 20A!H227,"=PMT($D$5/12,$D$7,$D$4)",MEDIO
FORMULA_COMPLEJA,Crédito Comercial 20A!H228,"=PMT($D$5/12,$D$7,$D$4)",MEDIO
FORMULA_COMPLEJA,Crédito Comercial 20A!H229,"=PMT($D$5/12,$D$7,$D$4)",MEDIO
FORMULA_COMPLEJA,Crédito Comercial 20A!H230,"=PMT($D$5/12,$D$7,$D$4)",MEDIO
FORMULA_COMPLEJA,Crédito Comercial 20A!H231,"=PMT($D$5/12,$D$7,$D$4)",MEDIO
FORMULA_COMPLEJA,Crédito Comercial 20A!H232,"=PMT($D$5/12,$D$7,$D$4)",MEDIO
FORMULA_COMPLEJA,Crédito Comercial 20A!H233,"=PMT($D$5/12,$D$7,$D$4)",MEDIO
FORMULA_COMPLEJA,Crédito Comercial 20A!H234,"=PMT($D$5/12,$D$7,$D$4)",MEDIO
FORMULA_COMPLEJA,Crédito Comercial 20A!H235,"=PMT($D$5/12,$D$7,$D$4)",MEDIO
FORMULA_COMPLEJA,Crédito Comercial 20A!H236,"=PMT($D$5/12,$D$7,$D$4)",MEDIO
FORMULA_COMPLEJA,Crédito Comercial 20A!H237,"=PMT($D$5/12,$D$7,$D$4)",MEDIO
FORMULA_COMPLEJA,Crédito Comercial 20A!H238,"=PMT($D$5/12,$D$7,$D$4)",MEDIO
FORMULA_COMPLEJA,Crédito Comercial 20A!H239,"=PMT($D$5/12,$D$7,$D$4)",MEDIO
FORMULA_COMPLEJA,Crédito Comercial 20A!H240,"=PMT($D$5/12,$D$7,$D$4)",MEDIO
FORMULA_COMPLEJA,Crédito Comercial 20A!H241,"=PMT($D$5/12,$D$7,$D$4)",MEDIO
FORMULA_COMPLEJA,Crédito Comercial 20A!H242,"=PMT($D$5/12,$D$7,$D$4)",MEDIO
FORMULA_COMPLEJA,Crédito Comercial 20A!H243,"=PMT($D$5/12,$D$7,$D$4)",MEDIO
FORMULA_COMPLEJA,Crédito Comercial 20A!H244,"=PMT($D$5/12,$D$7,$D$4)",MEDIO
FORMULA_COMPLEJA,Crédito Comercial 20A!H245,"=PMT($D$5/12,$D$7,$D$4)",MEDIO
FORMULA_COMPLEJA,Crédito Comercial 20A!H246,"=PMT($D$5/12,$D$7,$D$4)",MEDIO
FORMULA_COMPLEJA,Crédito Comercial 20A!H247,"=PMT($D$5/12,$D$7,$D$4)",MEDIO
LIMITACION_HERRAMIENTA,WORKBOOK,No se auditó VBA / eventos / Power Query / Power Pivot / ODBC-OLEDB / objetos complejos en esta fase Python base.,ALTO
NO_CONFIRMADO,WORKBOOK,No se detectaron nombres definidos o la carga no los expuso con claridad.,MEDIO
