output,ubicacion,criticidad,justificacion
Flujo mensual!C3,Flujo mensual!C3,ALTA,Etiqueta izquierda: Ingresos
Flujo mensual!C7,Flujo mensual!C7,ALTA,Etiqueta izquierda: Total Ingresos
Flujo mensual!C10,Flujo mensual!C10,ALTA,Etiqueta izquierda: Egresos
Flujo mensual!C21,Flujo mensual!C21,ALTA,Etiqueta izquierda: Total Egresos
Flujo mensual!C23,Flujo mensual!C23,ALTA,Etiqueta izquierda: Flujo
Flujo mensual!C24,Flujo mensual!C24,ALTA,Etiqueta izquierda: Flujo acumulado
Flujo 5 años C12!E2,Flujo 5 años C12!E2,ALTA,Etiqueta izquierda: Ingresos
Flujo 5 años C12!G3,Flujo 5 años C12!G3,ALTA,Etiqueta izquierda: ='Flujo mensual'!P4
Flujo 5 años C12!H3,Flujo 5 años C12!H3,ALTA,Etiqueta izquierda: ='Flujo mensual'!$O$4*12*0.9
Flujo 5 años C12!I3,Flujo 5 años C12!I3,ALTA,Etiqueta izquierda: ='Flujo mensual'!$O$4*12*0.9
Flujo 5 años C12!J3,Flujo 5 años C12!J3,ALTA,Etiqueta izquierda: ='Flujo mensual'!$O$4*12*0.9
Flujo 5 años C12!G4,Flujo 5 años C12!G4,ALTA,Etiqueta izquierda: ='Flujo mensual'!G5
Flujo 5 años C12!G5,Flujo 5 años C12!G5,ALTA,Etiqueta izquierda: ='Flujo mensual'!G6
Flujo 5 años C12!E7,Flujo 5 años C12!E7,ALTA,Etiqueta izquierda: Total Ingresos
Flujo 5 años C12!E9,Flujo 5 años C12!E9,ALTA,Etiqueta izquierda: Egresos
Flujo 5 años C12!F10,Flujo 5 años C12!F10,ALTA,Etiqueta izquierda: ='Flujo mensual'!C11
Flujo 5 años C12!G11,Flujo 5 años C12!G11,ALTA,Etiqueta izquierda: ='Flujo mensual'!$P$12
Flujo 5 años C12!H11,Flujo 5 años C12!H11,ALTA,Etiqueta izquierda: ='Flujo mensual'!$P$12
Flujo 5 años C12!I11,Flujo 5 años C12!I11,ALTA,Etiqueta izquierda: ='Flujo mensual'!$P$12
Flujo 5 años C12!J11,Flujo 5 años C12!J11,ALTA,Etiqueta izquierda: ='Flujo mensual'!$P$12
Flujo 5 años C12!G13,Flujo 5 años C12!G13,ALTA,Etiqueta izquierda: ='Flujo mensual'!$P$13
Flujo 5 años C12!H13,Flujo 5 años C12!H13,ALTA,Etiqueta izquierda: ='Flujo mensual'!$P$13
Flujo 5 años C12!I13,Flujo 5 años C12!I13,ALTA,Etiqueta izquierda: ='Flujo mensual'!$P$13
Flujo 5 años C12!J13,Flujo 5 años C12!J13,ALTA,Etiqueta izquierda: ='Flujo mensual'!$P$13
Flujo 5 años C12!F14,Flujo 5 años C12!F14,ALTA,Etiqueta izquierda: ='Flujo mensual'!P14
Flujo 5 años C12!G15,Flujo 5 años C12!G15,ALTA,Etiqueta izquierda: ='Flujo mensual'!P15
Flujo 5 años C12!G16,Flujo 5 años C12!G16,ALTA,Etiqueta izquierda: ='Flujo mensual'!P16
Flujo 5 años C12!G17,Flujo 5 años C12!G17,ALTA,Etiqueta izquierda: ='Flujo mensual'!P17
Flujo 5 años C12!H17,Flujo 5 años C12!H17,ALTA,Etiqueta izquierda: ='Flujo mensual'!$O$17*12*0.9
Flujo 5 años C12!I17,Flujo 5 años C12!I17,ALTA,Etiqueta izquierda: ='Flujo mensual'!$O$17*12*0.9
Flujo 5 años C12!J17,Flujo 5 años C12!J17,ALTA,Etiqueta izquierda: ='Flujo mensual'!$O$17*12*0.9
Flujo 5 años C12!G18,Flujo 5 años C12!G18,ALTA,Etiqueta izquierda: ='Flujo mensual'!$P$19
Flujo 5 años C12!H18,Flujo 5 años C12!H18,ALTA,Etiqueta izquierda: ='Flujo mensual'!$P$19
Flujo 5 años C12!I18,Flujo 5 años C12!I18,ALTA,Etiqueta izquierda: ='Flujo mensual'!$P$19
Flujo 5 años C12!J18,Flujo 5 años C12!J18,ALTA,Etiqueta izquierda: ='Flujo mensual'!$P$19
Flujo 5 años C12!G20,Flujo 5 años C12!G20,ALTA,Etiqueta izquierda: ='Flujo mensual'!P20
Flujo 5 años C12!H20,Flujo 5 años C12!H20,ALTA,Etiqueta izquierda: ='Flujo mensual'!$O$20*12
Flujo 5 años C12!I20,Flujo 5 años C12!I20,ALTA,Etiqueta izquierda: ='Flujo mensual'!$O$20*12
Flujo 5 años C12!J20,Flujo 5 años C12!J20,ALTA,Etiqueta izquierda: ='Flujo mensual'!$O$20*12
Flujo 5 años C12!E22,Flujo 5 años C12!E22,ALTA,Etiqueta izquierda: Total Egresos
Flujo 5 años C12!E24,Flujo 5 años C12!E24,ALTA,Etiqueta izquierda: Flujo Anual Proy. Puro (+ C.F.)
Flujo 5 años C12!E25,Flujo 5 años C12!E25,ALTA,Etiqueta izquierda: Flujo acumulado
Flujo 5 años C12!E33,Flujo 5 años C12!E33,ALTA,Etiqueta izquierda: Flujo Financiamiento
Flujo 5 años C12!E35,Flujo 5 años C12!E35,ALTA,Etiqueta izquierda: Flujo caja anual
Flujo 5 años C12!E36,Flujo 5 años C12!E36,ALTA,Etiqueta izquierda: Flujo anual acumulado
Flujo 5 años C12 (2)!E4,Flujo 5 años C12 (2)!E4,ALTA,Etiqueta izquierda: Ingresos
Flujo 5 años C12 (2)!Q4,Flujo 5 años C12 (2)!Q4,ALTA,Etiqueta izquierda: Ingresos
Flujo 5 años C12 (2)!G5,Flujo 5 años C12 (2)!G5,ALTA,Etiqueta izquierda: ='Flujo mensual'!P4
Flujo 5 años C12 (2)!H5,Flujo 5 años C12 (2)!H5,ALTA,Etiqueta izquierda: ='Flujo mensual'!$O$4*12*0.9
Flujo 5 años C12 (2)!I5,Flujo 5 años C12 (2)!I5,ALTA,Etiqueta izquierda: ='Flujo mensual'!$O$4*12*0.9
Flujo 5 años C12 (2)!J5,Flujo 5 años C12 (2)!J5,ALTA,Etiqueta izquierda: ='Flujo mensual'!$O$4*12*0.9
Flujo 5 años C12 (2)!S5,Flujo 5 años C12 (2)!S5,ALTA,Etiqueta izquierda: ='Flujo 5 años C20'!F3
Flujo 5 años C12 (2)!T5,Flujo 5 años C12 (2)!T5,ALTA,Etiqueta izquierda: ='Flujo 5 años C20'!G3
Flujo 5 años C12 (2)!U5,Flujo 5 años C12 (2)!U5,ALTA,Etiqueta izquierda: ='Flujo 5 años C20'!H3
Flujo 5 años C12 (2)!V5,Flujo 5 años C12 (2)!V5,ALTA,Etiqueta izquierda: ='Flujo 5 años C20'!I3
Flujo 5 años C12 (2)!G6,Flujo 5 años C12 (2)!G6,ALTA,Etiqueta izquierda: ='Flujo mensual'!G5
Flujo 5 años C12 (2)!S6,Flujo 5 años C12 (2)!S6,ALTA,Etiqueta izquierda: ='Flujo 5 años C20'!F4
Flujo 5 años C12 (2)!G7,Flujo 5 años C12 (2)!G7,ALTA,Etiqueta izquierda: ='Flujo mensual'!G6
Flujo 5 años C12 (2)!S7,Flujo 5 años C12 (2)!S7,ALTA,Etiqueta izquierda: ='Flujo 5 años C20'!F5
Flujo 5 años C12 (2)!E9,Flujo 5 años C12 (2)!E9,ALTA,Etiqueta izquierda: Total Ingresos
Flujo 5 años C12 (2)!Q9,Flujo 5 años C12 (2)!Q9,ALTA,Etiqueta izquierda: Total Ingresos
Flujo 5 años C12 (2)!E11,Flujo 5 años C12 (2)!E11,ALTA,Etiqueta izquierda: Egresos
Flujo 5 años C12 (2)!Q11,Flujo 5 años C12 (2)!Q11,ALTA,Etiqueta izquierda: Egresos
Flujo 5 años C12 (2)!F12,Flujo 5 años C12 (2)!F12,ALTA,Etiqueta izquierda: ='Flujo mensual'!C11
Flujo 5 años C12 (2)!Q12,Flujo 5 años C12 (2)!Q12,ALTA,Etiqueta izquierda: ='Flujo 5 años C20'!D10
Flujo 5 años C12 (2)!R12,Flujo 5 años C12 (2)!R12,ALTA,Etiqueta izquierda: ='Flujo 5 años C20'!E10
Flujo 5 años C12 (2)!S12,Flujo 5 años C12 (2)!S12,ALTA,Etiqueta izquierda: ='Flujo 5 años C20'!F10
Flujo 5 años C12 (2)!T12,Flujo 5 años C12 (2)!T12,ALTA,Etiqueta izquierda: ='Flujo 5 años C20'!G10
Flujo 5 años C12 (2)!U12,Flujo 5 años C12 (2)!U12,ALTA,Etiqueta izquierda: ='Flujo 5 años C20'!H10
Flujo 5 años C12 (2)!V12,Flujo 5 años C12 (2)!V12,ALTA,Etiqueta izquierda: ='Flujo 5 años C20'!I10
Flujo 5 años C12 (2)!W12,Flujo 5 años C12 (2)!W12,ALTA,Etiqueta izquierda: ='Flujo 5 años C20'!J10
Flujo 5 años C12 (2)!X12,Flujo 5 años C12 (2)!X12,ALTA,Etiqueta izquierda: ='Flujo 5 años C20'!K10
Flujo 5 años C12 (2)!Y12,Flujo 5 años C12 (2)!Y12,ALTA,Etiqueta izquierda: ='Flujo 5 años C20'!L10
Flujo 5 años C12 (2)!Z12,Flujo 5 años C12 (2)!Z12,ALTA,Etiqueta izquierda: ='Flujo 5 años C20'!M10
Flujo 5 años C12 (2)!G13,Flujo 5 años C12 (2)!G13,ALTA,Etiqueta izquierda: ='Flujo mensual'!$P$12
Flujo 5 años C12 (2)!H13,Flujo 5 años C12 (2)!H13,ALTA,Etiqueta izquierda: ='Flujo mensual'!$P$12
Flujo 5 años C12 (2)!I13,Flujo 5 años C12 (2)!I13,ALTA,Etiqueta izquierda: ='Flujo mensual'!$P$12
Flujo 5 años C12 (2)!J13,Flujo 5 años C12 (2)!J13,ALTA,Etiqueta izquierda: ='Flujo mensual'!$P$12
Flujo 5 años C12 (2)!Q13,Flujo 5 años C12 (2)!Q13,ALTA,Etiqueta izquierda: ='Flujo 5 años C20'!D11
Flujo 5 años C12 (2)!R13,Flujo 5 años C12 (2)!R13,ALTA,Etiqueta izquierda: ='Flujo 5 años C20'!E11
Flujo 5 años C12 (2)!S13,Flujo 5 años C12 (2)!S13,ALTA,Etiqueta izquierda: ='Flujo 5 años C20'!F11
Flujo 5 años C12 (2)!T13,Flujo 5 años C12 (2)!T13,ALTA,Etiqueta izquierda: ='Flujo 5 años C20'!G11
Flujo 5 años C12 (2)!U13,Flujo 5 años C12 (2)!U13,ALTA,Etiqueta izquierda: ='Flujo 5 años C20'!H11
Flujo 5 años C12 (2)!V13,Flujo 5 años C12 (2)!V13,ALTA,Etiqueta izquierda: ='Flujo 5 años C20'!I11
Flujo 5 años C12 (2)!W13,Flujo 5 años C12 (2)!W13,ALTA,Etiqueta izquierda: ='Flujo 5 años C20'!J11
Flujo 5 años C12 (2)!X13,Flujo 5 años C12 (2)!X13,ALTA,Etiqueta izquierda: ='Flujo 5 años C20'!K11
Flujo 5 años C12 (2)!Y13,Flujo 5 años C12 (2)!Y13,ALTA,Etiqueta izquierda: ='Flujo 5 años C20'!L11
Flujo 5 años C12 (2)!Z13,Flujo 5 años C12 (2)!Z13,ALTA,Etiqueta izquierda: ='Flujo 5 años C20'!M11
Flujo 5 años C12 (2)!Q14,Flujo 5 años C12 (2)!Q14,ALTA,Etiqueta izquierda: ='Flujo 5 años C20'!D12
Flujo 5 años C12 (2)!R14,Flujo 5 años C12 (2)!R14,ALTA,Etiqueta izquierda: ='Flujo 5 años C20'!E12
Flujo 5 años C12 (2)!S14,Flujo 5 años C12 (2)!S14,ALTA,Etiqueta izquierda: ='Flujo 5 años C20'!F12
Flujo 5 años C12 (2)!T14,Flujo 5 años C12 (2)!T14,ALTA,Etiqueta izquierda: ='Flujo 5 años C20'!G12
Flujo 5 años C12 (2)!U14,Flujo 5 años C12 (2)!U14,ALTA,Etiqueta izquierda: ='Flujo 5 años C20'!H12
Flujo 5 años C12 (2)!V14,Flujo 5 años C12 (2)!V14,ALTA,Etiqueta izquierda: ='Flujo 5 años C20'!I12
Flujo 5 años C12 (2)!W14,Flujo 5 años C12 (2)!W14,ALTA,Etiqueta izquierda: ='Flujo 5 años C20'!J12
Flujo 5 años C12 (2)!X14,Flujo 5 años C12 (2)!X14,ALTA,Etiqueta izquierda: ='Flujo 5 años C20'!K12
Flujo 5 años C12 (2)!Y14,Flujo 5 años C12 (2)!Y14,ALTA,Etiqueta izquierda: ='Flujo 5 años C20'!L12
Flujo 5 años C12 (2)!Z14,Flujo 5 años C12 (2)!Z14,ALTA,Etiqueta izquierda: ='Flujo 5 años C20'!M12
Flujo 5 años C12 (2)!G15,Flujo 5 años C12 (2)!G15,ALTA,Etiqueta izquierda: ='Flujo mensual'!$P$13
Flujo 5 años C12 (2)!H15,Flujo 5 años C12 (2)!H15,ALTA,Etiqueta izquierda: ='Flujo mensual'!$P$13
Flujo 5 años C12 (2)!I15,Flujo 5 años C12 (2)!I15,ALTA,Etiqueta izquierda: ='Flujo mensual'!$P$13
Flujo 5 años C12 (2)!J15,Flujo 5 años C12 (2)!J15,ALTA,Etiqueta izquierda: ='Flujo mensual'!$P$13
Flujo 5 años C12 (2)!Q15,Flujo 5 años C12 (2)!Q15,ALTA,Etiqueta izquierda: ='Flujo 5 años C20'!D13
Flujo 5 años C12 (2)!R15,Flujo 5 años C12 (2)!R15,ALTA,Etiqueta izquierda: ='Flujo 5 años C20'!E13
Flujo 5 años C12 (2)!S15,Flujo 5 años C12 (2)!S15,ALTA,Etiqueta izquierda: ='Flujo 5 años C20'!F13
Flujo 5 años C12 (2)!T15,Flujo 5 años C12 (2)!T15,ALTA,Etiqueta izquierda: ='Flujo 5 años C20'!G13
Flujo 5 años C12 (2)!U15,Flujo 5 años C12 (2)!U15,ALTA,Etiqueta izquierda: ='Flujo 5 años C20'!H13
Flujo 5 años C12 (2)!V15,Flujo 5 años C12 (2)!V15,ALTA,Etiqueta izquierda: ='Flujo 5 años C20'!I13
Flujo 5 años C12 (2)!W15,Flujo 5 años C12 (2)!W15,ALTA,Etiqueta izquierda: ='Flujo 5 años C20'!J13
Flujo 5 años C12 (2)!X15,Flujo 5 años C12 (2)!X15,ALTA,Etiqueta izquierda: ='Flujo 5 años C20'!K13
Flujo 5 años C12 (2)!Y15,Flujo 5 años C12 (2)!Y15,ALTA,Etiqueta izquierda: ='Flujo 5 años C20'!L13
Flujo 5 años C12 (2)!Z15,Flujo 5 años C12 (2)!Z15,ALTA,Etiqueta izquierda: ='Flujo 5 años C20'!M13
Flujo 5 años C12 (2)!F16,Flujo 5 años C12 (2)!F16,ALTA,Etiqueta izquierda: ='Flujo mensual'!P14
Flujo 5 años C12 (2)!Q16,Flujo 5 años C12 (2)!Q16,ALTA,Etiqueta izquierda: ='Flujo 5 años C20'!D14
Flujo 5 años C12 (2)!R16,Flujo 5 años C12 (2)!R16,ALTA,Etiqueta izquierda: ='Flujo 5 años C20'!E14
Flujo 5 años C12 (2)!S16,Flujo 5 años C12 (2)!S16,ALTA,Etiqueta izquierda: ='Flujo 5 años C20'!F14
Flujo 5 años C12 (2)!T16,Flujo 5 años C12 (2)!T16,ALTA,Etiqueta izquierda: ='Flujo 5 años C20'!G14
Flujo 5 años C12 (2)!U16,Flujo 5 años C12 (2)!U16,ALTA,Etiqueta izquierda: ='Flujo 5 años C20'!H14
Flujo 5 años C12 (2)!V16,Flujo 5 años C12 (2)!V16,ALTA,Etiqueta izquierda: ='Flujo 5 años C20'!I14
Flujo 5 años C12 (2)!W16,Flujo 5 años C12 (2)!W16,ALTA,Etiqueta izquierda: ='Flujo 5 años C20'!J14
Flujo 5 años C12 (2)!X16,Flujo 5 años C12 (2)!X16,ALTA,Etiqueta izquierda: ='Flujo 5 años C20'!K14
Flujo 5 años C12 (2)!Y16,Flujo 5 años C12 (2)!Y16,ALTA,Etiqueta izquierda: ='Flujo 5 años C20'!L14
Flujo 5 años C12 (2)!Z16,Flujo 5 años C12 (2)!Z16,ALTA,Etiqueta izquierda: ='Flujo 5 años C20'!M14
Flujo 5 años C12 (2)!G17,Flujo 5 años C12 (2)!G17,ALTA,Etiqueta izquierda: ='Flujo mensual'!P15
Flujo 5 años C12 (2)!Q17,Flujo 5 años C12 (2)!Q17,ALTA,Etiqueta izquierda: ='Flujo 5 años C20'!D15
Flujo 5 años C12 (2)!R17,Flujo 5 años C12 (2)!R17,ALTA,Etiqueta izquierda: ='Flujo 5 años C20'!E15
Flujo 5 años C12 (2)!S17,Flujo 5 años C12 (2)!S17,ALTA,Etiqueta izquierda: ='Flujo 5 años C20'!F15
Flujo 5 años C12 (2)!T17,Flujo 5 años C12 (2)!T17,ALTA,Etiqueta izquierda: ='Flujo 5 años C20'!G15
Flujo 5 años C12 (2)!U17,Flujo 5 años C12 (2)!U17,ALTA,Etiqueta izquierda: ='Flujo 5 años C20'!H15
Flujo 5 años C12 (2)!V17,Flujo 5 años C12 (2)!V17,ALTA,Etiqueta izquierda: ='Flujo 5 años C20'!I15
Flujo 5 años C12 (2)!W17,Flujo 5 años C12 (2)!W17,ALTA,Etiqueta izquierda: ='Flujo 5 años C20'!J15
Flujo 5 años C12 (2)!X17,Flujo 5 años C12 (2)!X17,ALTA,Etiqueta izquierda: ='Flujo 5 años C20'!K15
Flujo 5 años C12 (2)!Y17,Flujo 5 años C12 (2)!Y17,ALTA,Etiqueta izquierda: ='Flujo 5 años C20'!L15
Flujo 5 años C12 (2)!Z17,Flujo 5 años C12 (2)!Z17,ALTA,Etiqueta izquierda: ='Flujo 5 años C20'!M15
Flujo 5 años C12 (2)!G18,Flujo 5 años C12 (2)!G18,ALTA,Etiqueta izquierda: ='Flujo mensual'!P16
Flujo 5 años C12 (2)!Q18,Flujo 5 años C12 (2)!Q18,ALTA,Etiqueta izquierda: ='Flujo 5 años C20'!D16
Flujo 5 años C12 (2)!R18,Flujo 5 años C12 (2)!R18,ALTA,Etiqueta izquierda: ='Flujo 5 años C20'!E16
Flujo 5 años C12 (2)!S18,Flujo 5 años C12 (2)!S18,ALTA,Etiqueta izquierda: ='Flujo 5 años C20'!F16
Flujo 5 años C12 (2)!T18,Flujo 5 años C12 (2)!T18,ALTA,Etiqueta izquierda: ='Flujo 5 años C20'!G16
Flujo 5 años C12 (2)!U18,Flujo 5 años C12 (2)!U18,ALTA,Etiqueta izquierda: ='Flujo 5 años C20'!H16
Flujo 5 años C12 (2)!V18,Flujo 5 años C12 (2)!V18,ALTA,Etiqueta izquierda: ='Flujo 5 años C20'!I16
Flujo 5 años C12 (2)!W18,Flujo 5 años C12 (2)!W18,ALTA,Etiqueta izquierda: ='Flujo 5 años C20'!J16
Flujo 5 años C12 (2)!X18,Flujo 5 años C12 (2)!X18,ALTA,Etiqueta izquierda: ='Flujo 5 años C20'!K16
Flujo 5 años C12 (2)!Y18,Flujo 5 años C12 (2)!Y18,ALTA,Etiqueta izquierda: ='Flujo 5 años C20'!L16
Flujo 5 años C12 (2)!Z18,Flujo 5 años C12 (2)!Z18,ALTA,Etiqueta izquierda: ='Flujo 5 años C20'!M16
Flujo 5 años C12 (2)!G19,Flujo 5 años C12 (2)!G19,ALTA,Etiqueta izquierda: ='Flujo mensual'!P17
Flujo 5 años C12 (2)!H19,Flujo 5 años C12 (2)!H19,ALTA,Etiqueta izquierda: ='Flujo mensual'!$O$17*12*0.9
Flujo 5 años C12 (2)!I19,Flujo 5 años C12 (2)!I19,ALTA,Etiqueta izquierda: ='Flujo mensual'!$O$17*12*0.9
Flujo 5 años C12 (2)!J19,Flujo 5 años C12 (2)!J19,ALTA,Etiqueta izquierda: ='Flujo mensual'!$O$17*12*0.9
Flujo 5 años C12 (2)!Q19,Flujo 5 años C12 (2)!Q19,ALTA,Etiqueta izquierda: ='Flujo 5 años C20'!D17
Flujo 5 años C12 (2)!R19,Flujo 5 años C12 (2)!R19,ALTA,Etiqueta izquierda: ='Flujo 5 años C20'!E17
Flujo 5 años C12 (2)!S19,Flujo 5 años C12 (2)!S19,ALTA,Etiqueta izquierda: ='Flujo 5 años C20'!F17
Flujo 5 años C12 (2)!T19,Flujo 5 años C12 (2)!T19,ALTA,Etiqueta izquierda: ='Flujo 5 años C20'!G17
Flujo 5 años C12 (2)!U19,Flujo 5 años C12 (2)!U19,ALTA,Etiqueta izquierda: ='Flujo 5 años C20'!H17
Flujo 5 años C12 (2)!V19,Flujo 5 años C12 (2)!V19,ALTA,Etiqueta izquierda: ='Flujo 5 años C20'!I17
Flujo 5 años C12 (2)!W19,Flujo 5 años C12 (2)!W19,ALTA,Etiqueta izquierda: ='Flujo 5 años C20'!J17
Flujo 5 años C12 (2)!X19,Flujo 5 años C12 (2)!X19,ALTA,Etiqueta izquierda: ='Flujo 5 años C20'!K17
Flujo 5 años C12 (2)!Y19,Flujo 5 años C12 (2)!Y19,ALTA,Etiqueta izquierda: ='Flujo 5 años C20'!L17
Flujo 5 años C12 (2)!Z19,Flujo 5 años C12 (2)!Z19,ALTA,Etiqueta izquierda: ='Flujo 5 años C20'!M17
Flujo 5 años C12 (2)!G20,Flujo 5 años C12 (2)!G20,ALTA,Etiqueta izquierda: ='Flujo mensual'!$P$19
Flujo 5 años C12 (2)!H20,Flujo 5 años C12 (2)!H20,ALTA,Etiqueta izquierda: ='Flujo mensual'!$P$19
Flujo 5 años C12 (2)!I20,Flujo 5 años C12 (2)!I20,ALTA,Etiqueta izquierda: ='Flujo mensual'!$P$19
Flujo 5 años C12 (2)!J20,Flujo 5 años C12 (2)!J20,ALTA,Etiqueta izquierda: ='Flujo mensual'!$P$19
Flujo 5 años C12 (2)!Q20,Flujo 5 años C12 (2)!Q20,ALTA,Etiqueta izquierda: ='Flujo 5 años C20'!D18
Flujo 5 años C12 (2)!R20,Flujo 5 años C12 (2)!R20,ALTA,Etiqueta izquierda: ='Flujo 5 años C20'!E18
Flujo 5 años C12 (2)!S20,Flujo 5 años C12 (2)!S20,ALTA,Etiqueta izquierda: ='Flujo 5 años C20'!F18
Flujo 5 años C12 (2)!T20,Flujo 5 años C12 (2)!T20,ALTA,Etiqueta izquierda: ='Flujo 5 años C20'!G18
Flujo 5 años C12 (2)!U20,Flujo 5 años C12 (2)!U20,ALTA,Etiqueta izquierda: ='Flujo 5 años C20'!H18
Flujo 5 años C12 (2)!V20,Flujo 5 años C12 (2)!V20,ALTA,Etiqueta izquierda: ='Flujo 5 años C20'!I18
Flujo 5 años C12 (2)!W20,Flujo 5 años C12 (2)!W20,ALTA,Etiqueta izquierda: ='Flujo 5 años C20'!J18
Flujo 5 años C12 (2)!X20,Flujo 5 años C12 (2)!X20,ALTA,Etiqueta izquierda: ='Flujo 5 años C20'!K18
Flujo 5 años C12 (2)!Y20,Flujo 5 años C12 (2)!Y20,ALTA,Etiqueta izquierda: ='Flujo 5 años C20'!L18
Flujo 5 años C12 (2)!Z20,Flujo 5 años C12 (2)!Z20,ALTA,Etiqueta izquierda: ='Flujo 5 años C20'!M18
Flujo 5 años C12 (2)!Q21,Flujo 5 años C12 (2)!Q21,ALTA,Etiqueta izquierda: ='Flujo 5 años C20'!D19
Flujo 5 años C12 (2)!R21,Flujo 5 años C12 (2)!R21,ALTA,Etiqueta izquierda: ='Flujo 5 años C20'!E19
Flujo 5 años C12 (2)!S21,Flujo 5 años C12 (2)!S21,ALTA,Etiqueta izquierda: ='Flujo 5 años C20'!F19
Flujo 5 años C12 (2)!T21,Flujo 5 años C12 (2)!T21,ALTA,Etiqueta izquierda: ='Flujo 5 años C20'!G19
Flujo 5 años C12 (2)!U21,Flujo 5 años C12 (2)!U21,ALTA,Etiqueta izquierda: ='Flujo 5 años C20'!H19
Flujo 5 años C12 (2)!V21,Flujo 5 años C12 (2)!V21,ALTA,Etiqueta izquierda: ='Flujo 5 años C20'!I19
Flujo 5 años C12 (2)!W21,Flujo 5 años C12 (2)!W21,ALTA,Etiqueta izquierda: ='Flujo 5 años C20'!J19
Flujo 5 años C12 (2)!X21,Flujo 5 años C12 (2)!X21,ALTA,Etiqueta izquierda: ='Flujo 5 años C20'!K19
Flujo 5 años C12 (2)!Y21,Flujo 5 años C12 (2)!Y21,ALTA,Etiqueta izquierda: ='Flujo 5 años C20'!L19
Flujo 5 años C12 (2)!Z21,Flujo 5 años C12 (2)!Z21,ALTA,Etiqueta izquierda: ='Flujo 5 años C20'!M19
Flujo 5 años C12 (2)!G22,Flujo 5 años C12 (2)!G22,ALTA,Etiqueta izquierda: ='Flujo mensual'!P20
Flujo 5 años C12 (2)!H22,Flujo 5 años C12 (2)!H22,ALTA,Etiqueta izquierda: ='Flujo mensual'!$O$20*12
Flujo 5 años C12 (2)!I22,Flujo 5 años C12 (2)!I22,ALTA,Etiqueta izquierda: ='Flujo mensual'!$O$20*12
Flujo 5 años C12 (2)!J22,Flujo 5 años C12 (2)!J22,ALTA,Etiqueta izquierda: ='Flujo mensual'!$O$20*12
Flujo 5 años C12 (2)!Q22,Flujo 5 años C12 (2)!Q22,ALTA,Etiqueta izquierda: ='Flujo 5 años C20'!D20
Flujo 5 años C12 (2)!R22,Flujo 5 años C12 (2)!R22,ALTA,Etiqueta izquierda: ='Flujo 5 años C20'!E20
Flujo 5 años C12 (2)!S22,Flujo 5 años C12 (2)!S22,ALTA,Etiqueta izquierda: ='Flujo 5 años C20'!F20
Flujo 5 años C12 (2)!T22,Flujo 5 años C12 (2)!T22,ALTA,Etiqueta izquierda: ='Flujo 5 años C20'!G20
Flujo 5 años C12 (2)!U22,Flujo 5 años C12 (2)!U22,ALTA,Etiqueta izquierda: ='Flujo 5 años C20'!H20
Flujo 5 años C12 (2)!V22,Flujo 5 años C12 (2)!V22,ALTA,Etiqueta izquierda: ='Flujo 5 años C20'!I20
Flujo 5 años C12 (2)!W22,Flujo 5 años C12 (2)!W22,ALTA,Etiqueta izquierda: ='Flujo 5 años C20'!J20
Flujo 5 años C12 (2)!X22,Flujo 5 años C12 (2)!X22,ALTA,Etiqueta izquierda: ='Flujo 5 años C20'!K20
Flujo 5 años C12 (2)!Y22,Flujo 5 años C12 (2)!Y22,ALTA,Etiqueta izquierda: ='Flujo 5 años C20'!L20
Flujo 5 años C12 (2)!Z22,Flujo 5 años C12 (2)!Z22,ALTA,Etiqueta izquierda: ='Flujo 5 años C20'!M20
Flujo 5 años C12 (2)!E24,Flujo 5 años C12 (2)!E24,ALTA,Etiqueta izquierda: Total Egresos
Flujo 5 años C12 (2)!Q24,Flujo 5 años C12 (2)!Q24,ALTA,Etiqueta izquierda: Total Egresos
Flujo 5 años C12 (2)!E26,Flujo 5 años C12 (2)!E26,ALTA,Etiqueta izquierda: Flujo Proyecto
Flujo 5 años C12 (2)!Q26,Flujo 5 años C12 (2)!Q26,ALTA,Etiqueta izquierda: Flujo Proyecto
Flujo 5 años C12 (2)!E27,Flujo 5 años C12 (2)!E27,ALTA,Etiqueta izquierda: Flujo acumulado
Flujo 5 años C12 (2)!Q27,Flujo 5 años C12 (2)!Q27,ALTA,Etiqueta izquierda: Flujo acumulado
Flujo 5 años C12 (2)!R32,Flujo 5 años C12 (2)!R32,ALTA,Etiqueta izquierda: ='Flujo 5 años C20'!E30
Flujo 5 años C12 (2)!S32,Flujo 5 años C12 (2)!S32,ALTA,Etiqueta izquierda: ='Flujo 5 años C20'!F30
Flujo 5 años C12 (2)!T32,Flujo 5 años C12 (2)!T32,ALTA,Etiqueta izquierda: ='Flujo 5 años C20'!G30
Flujo 5 años C12 (2)!U32,Flujo 5 años C12 (2)!U32,ALTA,Etiqueta izquierda: ='Flujo 5 años C20'!H30
Flujo 5 años C12 (2)!V32,Flujo 5 años C12 (2)!V32,ALTA,Etiqueta izquierda: ='Flujo 5 años C20'!I30
Flujo 5 años C12 (2)!W32,Flujo 5 años C12 (2)!W32,ALTA,Etiqueta izquierda: ='Flujo 5 años C20'!J30
Flujo 5 años C12 (2)!X32,Flujo 5 años C12 (2)!X32,ALTA,Etiqueta izquierda: ='Flujo 5 años C20'!K30
Flujo 5 años C12 (2)!Y32,Flujo 5 años C12 (2)!Y32,ALTA,Etiqueta izquierda: ='Flujo 5 años C20'!L30
Flujo 5 años C12 (2)!Z32,Flujo 5 años C12 (2)!Z32,ALTA,Etiqueta izquierda: ='Flujo 5 años C20'!M30
Flujo 5 años C12 (2)!R33,Flujo 5 años C12 (2)!R33,ALTA,Etiqueta izquierda: ='Flujo 5 años C20'!E31
Flujo 5 años C12 (2)!S33,Flujo 5 años C12 (2)!S33,ALTA,Etiqueta izquierda: ='Flujo 5 años C20'!F31
Flujo 5 años C12 (2)!T33,Flujo 5 años C12 (2)!T33,ALTA,Etiqueta izquierda: ='Flujo 5 años C20'!G31
Flujo 5 años C12 (2)!U33,Flujo 5 años C12 (2)!U33,ALTA,Etiqueta izquierda: ='Flujo 5 años C20'!H31
Flujo 5 años C12 (2)!V33,Flujo 5 años C12 (2)!V33,ALTA,Etiqueta izquierda: ='Flujo 5 años C20'!I31
Flujo 5 años C12 (2)!W33,Flujo 5 años C12 (2)!W33,ALTA,Etiqueta izquierda: ='Flujo 5 años C20'!J31
Flujo 5 años C12 (2)!X33,Flujo 5 años C12 (2)!X33,ALTA,Etiqueta izquierda: ='Flujo 5 años C20'!K31
Flujo 5 años C12 (2)!Y33,Flujo 5 años C12 (2)!Y33,ALTA,Etiqueta izquierda: ='Flujo 5 años C20'!L31
Flujo 5 años C12 (2)!Z33,Flujo 5 años C12 (2)!Z33,ALTA,Etiqueta izquierda: ='Flujo 5 años C20'!M31
Flujo 5 años C12 (2)!E35,Flujo 5 años C12 (2)!E35,ALTA,Etiqueta izquierda: Flujo Financiamiento
Flujo 5 años C12 (2)!Q35,Flujo 5 años C12 (2)!Q35,ALTA,Etiqueta izquierda: Flujo Financiamiento
Flujo 5 años C12 (2)!E37,Flujo 5 años C12 (2)!E37,ALTA,Etiqueta izquierda: Flujo caja anual
Flujo 5 años C12 (2)!Q37,Flujo 5 años C12 (2)!Q37,ALTA,Etiqueta izquierda: Flujo caja anual
Flujo 5 años C12 (2)!E38,Flujo 5 años C12 (2)!E38,ALTA,Etiqueta izquierda: Flujo anual acumulado
Flujo 5 años C12 (2)!Q38,Flujo 5 años C12 (2)!Q38,ALTA,Etiqueta izquierda: Flujo anual acumulado
Flujo 5 años C12 (2)!R40,Flujo 5 años C12 (2)!R40,ALTA,Etiqueta izquierda: ='Flujo 5 años C20'!E38
Flujo 5 años C12 (2)!S40,Flujo 5 años C12 (2)!S40,ALTA,Etiqueta izquierda: ='Flujo 5 años C20'!F38
Flujo 5 años C12 (2)!T40,Flujo 5 años C12 (2)!T40,ALTA,Etiqueta izquierda: ='Flujo 5 años C20'!G38
Flujo 5 años C12 (2)!U40,Flujo 5 años C12 (2)!U40,ALTA,Etiqueta izquierda: ='Flujo 5 años C20'!H38
Flujo 5 años C12 (2)!V40,Flujo 5 años C12 (2)!V40,ALTA,Etiqueta izquierda: ='Flujo 5 años C20'!I38
Flujo 5 años C12 (2)!W40,Flujo 5 años C12 (2)!W40,ALTA,Etiqueta izquierda: ='Flujo 5 años C20'!J38
Flujo 5 años C12 (2)!X40,Flujo 5 años C12 (2)!X40,ALTA,Etiqueta izquierda: ='Flujo 5 años C20'!K38
Flujo 5 años C12 (2)!Y40,Flujo 5 años C12 (2)!Y40,ALTA,Etiqueta izquierda: ='Flujo 5 años C20'!L38
Flujo 5 años C12 (2)!Z40,Flujo 5 años C12 (2)!Z40,ALTA,Etiqueta izquierda: ='Flujo 5 años C20'!M38
Crédito C12!E3,Crédito C12!E3,ALTA,Etiqueta izquierda: ='Flujo 5 años C12'!E30
Crédito C12!Q3,Crédito C12!Q3,ALTA,Etiqueta izquierda: ='Flujo 5 años C12'!G30
Crédito C12!AC3,Crédito C12!AC3,ALTA,Etiqueta izquierda: ='Flujo 5 años C12'!H30
Crédito C12!AO3,Crédito C12!AO3,ALTA,Etiqueta izquierda: ='Flujo 5 años C12'!I30
Crédito C12!BA3,Crédito C12!BA3,ALTA,Etiqueta izquierda: ='Flujo 5 años C12'!J30
Flujo 5 años C20!E2,Flujo 5 años C20!E2,ALTA,Etiqueta izquierda: Ingresos
Flujo 5 años C20!G3,Flujo 5 años C20!G3,ALTA,Etiqueta izquierda: ='Flujo mensual'!P4
Flujo 5 años C20!H3,Flujo 5 años C20!H3,ALTA,Etiqueta izquierda: ='Flujo mensual'!$O$4*12*0.9
Flujo 5 años C20!I3,Flujo 5 años C20!I3,ALTA,Etiqueta izquierda: ='Flujo mensual'!$O$4*12*0.9
Flujo 5 años C20!J3,Flujo 5 años C20!J3,ALTA,Etiqueta izquierda: ='Flujo mensual'!$O$4*12*0.9
Flujo 5 años C20!G4,Flujo 5 años C20!G4,ALTA,Etiqueta izquierda: ='Flujo mensual'!G5
Flujo 5 años C20!G5,Flujo 5 años C20!G5,ALTA,Etiqueta izquierda: ='Flujo mensual'!G6
Flujo 5 años C20!E7,Flujo 5 años C20!E7,ALTA,Etiqueta izquierda: Total Ingresos
Flujo 5 años C20!E9,Flujo 5 años C20!E9,ALTA,Etiqueta izquierda: Egresos
Flujo 5 años C20!F10,Flujo 5 años C20!F10,ALTA,Etiqueta izquierda: ='Flujo mensual'!C11
Flujo 5 años C20!G11,Flujo 5 años C20!G11,ALTA,Etiqueta izquierda: ='Flujo mensual'!$P$12
Flujo 5 años C20!H11,Flujo 5 años C20!H11,ALTA,Etiqueta izquierda: ='Flujo mensual'!$P$12
Flujo 5 años C20!I11,Flujo 5 años C20!I11,ALTA,Etiqueta izquierda: ='Flujo mensual'!$P$12
Flujo 5 años C20!J11,Flujo 5 años C20!J11,ALTA,Etiqueta izquierda: ='Flujo mensual'!$P$12
Flujo 5 años C20!F14,Flujo 5 años C20!F14,ALTA,Etiqueta izquierda: ='Flujo mensual'!P14
Flujo 5 años C20!G15,Flujo 5 años C20!G15,ALTA,Etiqueta izquierda: ='Flujo mensual'!P15
Flujo 5 años C20!G16,Flujo 5 años C20!G16,ALTA,Etiqueta izquierda: ='Flujo mensual'!P16
Flujo 5 años C20!G17,Flujo 5 años C20!G17,ALTA,Etiqueta izquierda: ='Flujo mensual'!P17
Flujo 5 años C20!H17,Flujo 5 años C20!H17,ALTA,Etiqueta izquierda: ='Flujo mensual'!$O$17*12*0.9
Flujo 5 años C20!I17,Flujo 5 años C20!I17,ALTA,Etiqueta izquierda: ='Flujo mensual'!$O$17*12*0.9
Flujo 5 años C20!J17,Flujo 5 años C20!J17,ALTA,Etiqueta izquierda: ='Flujo mensual'!$O$17*12*0.9
Flujo 5 años C20!G18,Flujo 5 años C20!G18,ALTA,Etiqueta izquierda: ='Flujo mensual'!$P$19
Flujo 5 años C20!H18,Flujo 5 años C20!H18,ALTA,Etiqueta izquierda: ='Flujo mensual'!$P$19
Flujo 5 años C20!I18,Flujo 5 años C20!I18,ALTA,Etiqueta izquierda: ='Flujo mensual'!$P$19
Flujo 5 años C20!J18,Flujo 5 años C20!J18,ALTA,Etiqueta izquierda: ='Flujo mensual'!$P$19
Flujo 5 años C20!G20,Flujo 5 años C20!G20,ALTA,Etiqueta izquierda: ='Flujo mensual'!P20
Flujo 5 años C20!H20,Flujo 5 años C20!H20,ALTA,Etiqueta izquierda: ='Flujo mensual'!$O$20*12
Flujo 5 años C20!I20,Flujo 5 años C20!I20,ALTA,Etiqueta izquierda: ='Flujo mensual'!$O$20*12
Flujo 5 años C20!J20,Flujo 5 años C20!J20,ALTA,Etiqueta izquierda: ='Flujo mensual'!$O$20*12
Flujo 5 años C20!E22,Flujo 5 años C20!E22,ALTA,Etiqueta izquierda: Total Egresos
Flujo 5 años C20!E24,Flujo 5 años C20!E24,ALTA,Etiqueta izquierda: Flujo Anual Proy. Puro (+ C.F.)
Flujo 5 años C20!E25,Flujo 5 años C20!E25,ALTA,Etiqueta izquierda: Flujo acumulado
Flujo 5 años C20!E33,Flujo 5 años C20!E33,ALTA,Etiqueta izquierda: Flujo Financiamiento
Flujo 5 años C20!E35,Flujo 5 años C20!E35,ALTA,Etiqueta izquierda: Flujo caja anual
Flujo 5 años C20!E36,Flujo 5 años C20!E36,ALTA,Etiqueta izquierda: Flujo anual acumulado
Crédito C20!E3,Crédito C20!E3,ALTA,Etiqueta izquierda: ='Flujo 5 años C12'!E30
Crédito C20!AC3,Crédito C20!AC3,ALTA,Etiqueta izquierda: ='Flujo 5 años C20'!H30
Crédito C20!AO3,Crédito C20!AO3,ALTA,Etiqueta izquierda: ='Flujo 5 años C20'!I30
Crédito C20!BA3,Crédito C20!BA3,ALTA,Etiqueta izquierda: ='Flujo 5 años C12'!J30
