origen,destino,tipo_relacion
IVA Dptos!C1,Arriendo!B1,CORE_FORMULA_REF
IVA Dptos!C1,Arriendo!O1,CORE_FORMULA_REF
Arriendo!E4,Arriendo!F4,CORE_FORMULA_REF
Arriendo!$B$1,Arriendo!F4,CORE_FORMULA_REF
IVA Dptos!H8,Arriendo!G4,CORE_FORMULA_REF
Arriendo!G4,Arriendo!H4,CORE_FORMULA_REF
Arriendo!$B$2,Arriendo!H4,CORE_FORMULA_REF
Arriendo!H4,Arriendo!I4,CORE_FORMULA_REF
Arriendo!F4,Arriendo!J4,CORE_FORMULA_REF
Arriendo!I4,Arriendo!J4,CORE_FORMULA_REF
Arriendo!J4,Arriendo!K4,CORE_FORMULA_REF
Arriendo!F4,Arriendo!L4,CORE_FORMULA_REF
Arriendo!K4,Arriendo!L4,CORE_FORMULA_REF
Arriendo!E4,Arriendo!Q4,CORE_FORMULA_REF
Arriendo!Q4,Arriendo!R4,CORE_FORMULA_REF
Arriendo!$O$1,Arriendo!R4,CORE_FORMULA_REF
Arriendo!Q4,Arriendo!S4,CORE_FORMULA_REF
Arriendo!$O$4,Arriendo!S4,CORE_FORMULA_REF
Arriendo!S4,Arriendo!T4,CORE_FORMULA_REF
Arriendo!$O$1,Arriendo!T4,CORE_FORMULA_REF
Arriendo!C4,Arriendo!C5,CORE_FORMULA_REF
Arriendo!E5,Arriendo!F5,CORE_FORMULA_REF
Arriendo!$B$1,Arriendo!F5,CORE_FORMULA_REF
IVA Dptos!H9,Arriendo!G5,CORE_FORMULA_REF
Arriendo!G5,Arriendo!H5,CORE_FORMULA_REF
Arriendo!$B$2,Arriendo!H5,CORE_FORMULA_REF
Arriendo!H5,Arriendo!I5,CORE_FORMULA_REF
Arriendo!F5,Arriendo!J5,CORE_FORMULA_REF
Arriendo!I5,Arriendo!J5,CORE_FORMULA_REF
Arriendo!J5,Arriendo!K5,CORE_FORMULA_REF
Arriendo!F5,Arriendo!L5,CORE_FORMULA_REF
Arriendo!K5,Arriendo!L5,CORE_FORMULA_REF
Arriendo!C5,Arriendo!C6,CORE_FORMULA_REF
Arriendo!E6,Arriendo!F6,CORE_FORMULA_REF
Arriendo!$B$1,Arriendo!F6,CORE_FORMULA_REF
IVA Dptos!H10,Arriendo!G6,CORE_FORMULA_REF
Arriendo!G6,Arriendo!H6,CORE_FORMULA_REF
Arriendo!$B$2,Arriendo!H6,CORE_FORMULA_REF
Arriendo!H6,Arriendo!I6,CORE_FORMULA_REF
Arriendo!F6,Arriendo!J6,CORE_FORMULA_REF
Arriendo!I6,Arriendo!J6,CORE_FORMULA_REF
Arriendo!J6,Arriendo!K6,CORE_FORMULA_REF
Arriendo!F6,Arriendo!L6,CORE_FORMULA_REF
Arriendo!K6,Arriendo!L6,CORE_FORMULA_REF
Arriendo!C6,Arriendo!C7,CORE_FORMULA_REF
Arriendo!E7,Arriendo!F7,CORE_FORMULA_REF
Arriendo!$B$1,Arriendo!F7,CORE_FORMULA_REF
IVA Dptos!H11,Arriendo!G7,CORE_FORMULA_REF
Arriendo!G7,Arriendo!H7,CORE_FORMULA_REF
Arriendo!$B$2,Arriendo!H7,CORE_FORMULA_REF
Arriendo!H7,Arriendo!I7,CORE_FORMULA_REF
Arriendo!F7,Arriendo!J7,CORE_FORMULA_REF
Arriendo!I7,Arriendo!J7,CORE_FORMULA_REF
Arriendo!J7,Arriendo!K7,CORE_FORMULA_REF
Arriendo!F7,Arriendo!L7,CORE_FORMULA_REF
Arriendo!K7,Arriendo!L7,CORE_FORMULA_REF
Arriendo!Q7,Arriendo!R7,CORE_FORMULA_REF
Arriendo!$O$1,Arriendo!R7,CORE_FORMULA_REF
Arriendo!Q7,Arriendo!S7,CORE_FORMULA_REF
Arriendo!$O$4,Arriendo!S7,CORE_FORMULA_REF
Arriendo!S7,Arriendo!T7,CORE_FORMULA_REF
Arriendo!$O$1,Arriendo!T7,CORE_FORMULA_REF
Arriendo!C7,Arriendo!C8,CORE_FORMULA_REF
Arriendo!E8,Arriendo!F8,CORE_FORMULA_REF
Arriendo!$B$1,Arriendo!F8,CORE_FORMULA_REF
IVA Dptos!H12,Arriendo!G8,CORE_FORMULA_REF
Arriendo!G8,Arriendo!H8,CORE_FORMULA_REF
Arriendo!$B$2,Arriendo!H8,CORE_FORMULA_REF
Arriendo!H8,Arriendo!I8,CORE_FORMULA_REF
Arriendo!F8,Arriendo!J8,CORE_FORMULA_REF
Arriendo!I8,Arriendo!J8,CORE_FORMULA_REF
Arriendo!J8,Arriendo!K8,CORE_FORMULA_REF
Arriendo!F8,Arriendo!L8,CORE_FORMULA_REF
Arriendo!K8,Arriendo!L8,CORE_FORMULA_REF
Arriendo!C8,Arriendo!C9,CORE_FORMULA_REF
Arriendo!E9,Arriendo!F9,CORE_FORMULA_REF
Arriendo!$B$1,Arriendo!F9,CORE_FORMULA_REF
IVA Dptos!H13,Arriendo!G9,CORE_FORMULA_REF
Arriendo!G9,Arriendo!H9,CORE_FORMULA_REF
Arriendo!$B$2,Arriendo!H9,CORE_FORMULA_REF
Arriendo!H9,Arriendo!I9,CORE_FORMULA_REF
Arriendo!F9,Arriendo!J9,CORE_FORMULA_REF
Arriendo!I9,Arriendo!J9,CORE_FORMULA_REF
Arriendo!J9,Arriendo!K9,CORE_FORMULA_REF
Arriendo!F9,Arriendo!L9,CORE_FORMULA_REF
Arriendo!K9,Arriendo!L9,CORE_FORMULA_REF
Arriendo!C9,Arriendo!C10,CORE_FORMULA_REF
Arriendo!E10,Arriendo!F10,CORE_FORMULA_REF
Arriendo!$B$1,Arriendo!F10,CORE_FORMULA_REF
IVA Dptos!H14,Arriendo!G10,CORE_FORMULA_REF
Arriendo!G10,Arriendo!H10,CORE_FORMULA_REF
Arriendo!$B$2,Arriendo!H10,CORE_FORMULA_REF
Arriendo!H10,Arriendo!I10,CORE_FORMULA_REF
Arriendo!F10,Arriendo!J10,CORE_FORMULA_REF
Arriendo!I10,Arriendo!J10,CORE_FORMULA_REF
Arriendo!J10,Arriendo!K10,CORE_FORMULA_REF
Arriendo!F10,Arriendo!L10,CORE_FORMULA_REF
Arriendo!K10,Arriendo!L10,CORE_FORMULA_REF
Arriendo!Q10,Arriendo!R10,CORE_FORMULA_REF
Arriendo!$O$1,Arriendo!R10,CORE_FORMULA_REF
Arriendo!Q10,Arriendo!S10,CORE_FORMULA_REF
Arriendo!$O$4,Arriendo!S10,CORE_FORMULA_REF
Arriendo!S10,Arriendo!T10,CORE_FORMULA_REF
Arriendo!$O$1,Arriendo!T10,CORE_FORMULA_REF
Arriendo!C10,Arriendo!C11,CORE_FORMULA_REF
Arriendo!E11,Arriendo!F11,CORE_FORMULA_REF
Arriendo!$B$1,Arriendo!F11,CORE_FORMULA_REF
IVA Dptos!H15,Arriendo!G11,CORE_FORMULA_REF
Arriendo!G11,Arriendo!H11,CORE_FORMULA_REF
Arriendo!$B$2,Arriendo!H11,CORE_FORMULA_REF
Arriendo!H11,Arriendo!I11,CORE_FORMULA_REF
Arriendo!F11,Arriendo!J11,CORE_FORMULA_REF
Arriendo!I11,Arriendo!J11,CORE_FORMULA_REF
Arriendo!J11,Arriendo!K11,CORE_FORMULA_REF
Arriendo!F11,Arriendo!L11,CORE_FORMULA_REF
Arriendo!K11,Arriendo!L11,CORE_FORMULA_REF
Arriendo!C11,Arriendo!C12,CORE_FORMULA_REF
Arriendo!E12,Arriendo!F12,CORE_FORMULA_REF
Arriendo!$B$1,Arriendo!F12,CORE_FORMULA_REF
IVA Dptos!H16,Arriendo!G12,CORE_FORMULA_REF
Arriendo!G12,Arriendo!H12,CORE_FORMULA_REF
Arriendo!$B$2,Arriendo!H12,CORE_FORMULA_REF
Arriendo!H12,Arriendo!I12,CORE_FORMULA_REF
Arriendo!F12,Arriendo!J12,CORE_FORMULA_REF
Arriendo!I12,Arriendo!J12,CORE_FORMULA_REF
Arriendo!J12,Arriendo!K12,CORE_FORMULA_REF
Arriendo!F12,Arriendo!L12,CORE_FORMULA_REF
Arriendo!K12,Arriendo!L12,CORE_FORMULA_REF
Arriendo!C12,Arriendo!C13,CORE_FORMULA_REF
Arriendo!E13,Arriendo!F13,CORE_FORMULA_REF
Arriendo!$B$1,Arriendo!F13,CORE_FORMULA_REF
IVA Dptos!H17,Arriendo!G13,CORE_FORMULA_REF
Arriendo!G13,Arriendo!H13,CORE_FORMULA_REF
Arriendo!$B$2,Arriendo!H13,CORE_FORMULA_REF
Arriendo!H13,Arriendo!I13,CORE_FORMULA_REF
Arriendo!F13,Arriendo!J13,CORE_FORMULA_REF
Arriendo!I13,Arriendo!J13,CORE_FORMULA_REF
Arriendo!J13,Arriendo!K13,CORE_FORMULA_REF
Arriendo!F13,Arriendo!L13,CORE_FORMULA_REF
Arriendo!K13,Arriendo!L13,CORE_FORMULA_REF
Arriendo!R13,Arriendo!Q13,CORE_FORMULA_REF
Arriendo!O1,Arriendo!Q13,CORE_FORMULA_REF
Crédito Comercial 12A!H8,Arriendo!R13,CORE_FORMULA_REF
Arriendo!Q13,Arriendo!S13,CORE_FORMULA_REF
Arriendo!S13,Arriendo!T13,CORE_FORMULA_REF
Arriendo!$O$1,Arriendo!T13,CORE_FORMULA_REF
Arriendo!C13,Arriendo!C14,CORE_FORMULA_REF
Arriendo!E14,Arriendo!F14,CORE_FORMULA_REF
Arriendo!$B$1,Arriendo!F14,CORE_FORMULA_REF
IVA Dptos!H18,Arriendo!G14,CORE_FORMULA_REF
Arriendo!G14,Arriendo!H14,CORE_FORMULA_REF
Arriendo!$B$2,Arriendo!H14,CORE_FORMULA_REF
Arriendo!H14,Arriendo!I14,CORE_FORMULA_REF
Arriendo!F14,Arriendo!J14,CORE_FORMULA_REF
Arriendo!I14,Arriendo!J14,CORE_FORMULA_REF
Arriendo!J14,Arriendo!K14,CORE_FORMULA_REF
Arriendo!F14,Arriendo!L14,CORE_FORMULA_REF
Arriendo!K14,Arriendo!L14,CORE_FORMULA_REF
Arriendo!C14,Arriendo!C15,CORE_FORMULA_REF
Arriendo!E15,Arriendo!F15,CORE_FORMULA_REF
Arriendo!$B$1,Arriendo!F15,CORE_FORMULA_REF
IVA Dptos!H19,Arriendo!G15,CORE_FORMULA_REF
Arriendo!G15,Arriendo!H15,CORE_FORMULA_REF
Arriendo!$B$2,Arriendo!H15,CORE_FORMULA_REF
Arriendo!H15,Arriendo!I15,CORE_FORMULA_REF
Arriendo!F15,Arriendo!J15,CORE_FORMULA_REF
Arriendo!I15,Arriendo!J15,CORE_FORMULA_REF
Arriendo!J15,Arriendo!K15,CORE_FORMULA_REF
Arriendo!F15,Arriendo!L15,CORE_FORMULA_REF
Arriendo!K15,Arriendo!L15,CORE_FORMULA_REF
Arriendo!C15,Arriendo!C16,CORE_FORMULA_REF
Arriendo!E16,Arriendo!F16,CORE_FORMULA_REF
Arriendo!$B$1,Arriendo!F16,CORE_FORMULA_REF
IVA Dptos!H20,Arriendo!G16,CORE_FORMULA_REF
Arriendo!G16,Arriendo!H16,CORE_FORMULA_REF
Arriendo!$B$2,Arriendo!H16,CORE_FORMULA_REF
Arriendo!H16,Arriendo!I16,CORE_FORMULA_REF
Arriendo!F16,Arriendo!J16,CORE_FORMULA_REF
Arriendo!I16,Arriendo!J16,CORE_FORMULA_REF
Arriendo!J16,Arriendo!K16,CORE_FORMULA_REF
Arriendo!F16,Arriendo!L16,CORE_FORMULA_REF
Arriendo!K16,Arriendo!L16,CORE_FORMULA_REF
Arriendo!Q16,Arriendo!R16,CORE_FORMULA_REF
Arriendo!$O$1,Arriendo!R16,CORE_FORMULA_REF
Arriendo!Q16,Arriendo!S16,CORE_FORMULA_REF
Arriendo!$O$4,Arriendo!S16,CORE_FORMULA_REF
Arriendo!S16,Arriendo!T16,CORE_FORMULA_REF
Arriendo!$O$1,Arriendo!T16,CORE_FORMULA_REF
Arriendo!C16,Arriendo!C17,CORE_FORMULA_REF
Arriendo!E17,Arriendo!F17,CORE_FORMULA_REF
Arriendo!$B$1,Arriendo!F17,CORE_FORMULA_REF
IVA Dptos!H21,Arriendo!G17,CORE_FORMULA_REF
Arriendo!G17,Arriendo!H17,CORE_FORMULA_REF
Arriendo!$B$2,Arriendo!H17,CORE_FORMULA_REF
Arriendo!H17,Arriendo!I17,CORE_FORMULA_REF
Arriendo!F17,Arriendo!J17,CORE_FORMULA_REF
Arriendo!I17,Arriendo!J17,CORE_FORMULA_REF
Arriendo!J17,Arriendo!K17,CORE_FORMULA_REF
Arriendo!F17,Arriendo!L17,CORE_FORMULA_REF
Arriendo!K17,Arriendo!L17,CORE_FORMULA_REF
Arriendo!C17,Arriendo!C18,CORE_FORMULA_REF
Arriendo!E18,Arriendo!F18,CORE_FORMULA_REF
Arriendo!$B$1,Arriendo!F18,CORE_FORMULA_REF
IVA Dptos!H22,Arriendo!G18,CORE_FORMULA_REF
Arriendo!G18,Arriendo!H18,CORE_FORMULA_REF
Arriendo!$B$2,Arriendo!H18,CORE_FORMULA_REF
Arriendo!H18,Arriendo!I18,CORE_FORMULA_REF
Arriendo!F18,Arriendo!J18,CORE_FORMULA_REF
Arriendo!I18,Arriendo!J18,CORE_FORMULA_REF
Arriendo!J18,Arriendo!K18,CORE_FORMULA_REF
Arriendo!F18,Arriendo!L18,CORE_FORMULA_REF
Arriendo!K18,Arriendo!L18,CORE_FORMULA_REF
Arriendo!E4:E18,Arriendo!E19,CORE_FORMULA_REF
Arriendo!F4:F18,Arriendo!F19,CORE_FORMULA_REF
Arriendo!K4:K18,Arriendo!K19,CORE_FORMULA_REF
Arriendo!F19,Arriendo!L19,CORE_FORMULA_REF
Arriendo!K19,Arriendo!L19,CORE_FORMULA_REF
Arriendo!Q4,Arriendo!Q19,CORE_FORMULA_REF
Arriendo!O19,Arriendo!Q19,CORE_FORMULA_REF
Arriendo!Q19,Arriendo!R19,CORE_FORMULA_REF
Arriendo!$O$1,Arriendo!R19,CORE_FORMULA_REF
Arriendo!Q19,Arriendo!S19,CORE_FORMULA_REF
Arriendo!$O$4,Arriendo!S19,CORE_FORMULA_REF
Arriendo!S19,Arriendo!T19,CORE_FORMULA_REF
Arriendo!$O$1,Arriendo!T19,CORE_FORMULA_REF
Arriendo!F19,Arriendo!F20,CORE_FORMULA_REF
Arriendo!B1,Arriendo!F20,CORE_FORMULA_REF
Arriendo!Q22,Arriendo!R22,CORE_FORMULA_REF
Arriendo!$O$1,Arriendo!R22,CORE_FORMULA_REF
Arriendo!Q22,Arriendo!S22,CORE_FORMULA_REF
Arriendo!$O$4,Arriendo!S22,CORE_FORMULA_REF
Arriendo!S22,Arriendo!T22,CORE_FORMULA_REF
Arriendo!$O$1,Arriendo!T22,CORE_FORMULA_REF
Arriendo!Q25,Arriendo!R25,CORE_FORMULA_REF
Arriendo!$O$1,Arriendo!R25,CORE_FORMULA_REF
Arriendo!Q25,Arriendo!S25,CORE_FORMULA_REF
Arriendo!$O$4,Arriendo!S25,CORE_FORMULA_REF
Arriendo!S25,Arriendo!T25,CORE_FORMULA_REF
Arriendo!$O$1,Arriendo!T25,CORE_FORMULA_REF
Arriendo!Q28,Arriendo!R28,CORE_FORMULA_REF
Arriendo!$O$1,Arriendo!R28,CORE_FORMULA_REF
Arriendo!Q28,Arriendo!S28,CORE_FORMULA_REF
Arriendo!$O$4,Arriendo!S28,CORE_FORMULA_REF
Arriendo!S28,Arriendo!T28,CORE_FORMULA_REF
Arriendo!$O$1,Arriendo!T28,CORE_FORMULA_REF
Arriendo!Q4,Arriendo!Q31,CORE_FORMULA_REF
Arriendo!O31,Arriendo!Q31,CORE_FORMULA_REF
Arriendo!Q31,Arriendo!R31,CORE_FORMULA_REF
Arriendo!$O$1,Arriendo!R31,CORE_FORMULA_REF
Arriendo!Q31,Arriendo!S31,CORE_FORMULA_REF
Arriendo!$O$4,Arriendo!S31,CORE_FORMULA_REF
Arriendo!S31,Arriendo!T31,CORE_FORMULA_REF
Arriendo!$O$1,Arriendo!T31,CORE_FORMULA_REF
Arriendo!F4:F5,Flujo mensual!E4,CORE_FORMULA_REF
Arriendo!F4:F7,Flujo mensual!F4,CORE_FORMULA_REF
Arriendo!F4:F9,Flujo mensual!G4,CORE_FORMULA_REF
Arriendo!F4:F11,Flujo mensual!H4,CORE_FORMULA_REF
Arriendo!F4:F15,Flujo mensual!I4,CORE_FORMULA_REF
Arriendo!F4:F18,Flujo mensual!J4,CORE_FORMULA_REF
Flujo mensual!J4,Flujo mensual!K4,CORE_FORMULA_REF
Flujo mensual!K4,Flujo mensual!L4,CORE_FORMULA_REF
Flujo mensual!L4,Flujo mensual!M4,CORE_FORMULA_REF
Flujo mensual!M4,Flujo mensual!N4,CORE_FORMULA_REF
Flujo mensual!N4,Flujo mensual!O4,CORE_FORMULA_REF
Flujo mensual!C4:O4,Flujo mensual!P4,CORE_FORMULA_REF
Flujo mensual!C11,Flujo mensual!G5,CORE_FORMULA_REF
Flujo mensual!C5:O5,Flujo mensual!P5,CORE_FORMULA_REF
IVA Dptos!E23,Flujo mensual!G6,CORE_FORMULA_REF
Flujo mensual!C6:O6,Flujo mensual!P6,CORE_FORMULA_REF
Flujo mensual!C4:C6,Flujo mensual!C7,CORE_FORMULA_REF
Flujo mensual!D4:D6,Flujo mensual!D7,CORE_FORMULA_REF
Flujo mensual!E4:E6,Flujo mensual!E7,CORE_FORMULA_REF
Flujo mensual!F4:F6,Flujo mensual!F7,CORE_FORMULA_REF
Flujo mensual!G4:G6,Flujo mensual!G7,CORE_FORMULA_REF
Flujo mensual!H4:H6,Flujo mensual!H7,CORE_FORMULA_REF
Flujo mensual!I4:I6,Flujo mensual!I7,CORE_FORMULA_REF
Flujo mensual!J4:J6,Flujo mensual!J7,CORE_FORMULA_REF
Flujo mensual!K4:K6,Flujo mensual!K7,CORE_FORMULA_REF
Flujo mensual!L4:L6,Flujo mensual!L7,CORE_FORMULA_REF
Flujo mensual!M4:M6,Flujo mensual!M7,CORE_FORMULA_REF
Flujo mensual!N4:N6,Flujo mensual!N7,CORE_FORMULA_REF
Flujo mensual!O4:O6,Flujo mensual!O7,CORE_FORMULA_REF
Flujo mensual!P4:P6,Flujo mensual!P7,CORE_FORMULA_REF
Arriendo!T7,Flujo mensual!C11,CORE_FORMULA_REF
Flujo mensual!C11:O11,Flujo mensual!P11,CORE_FORMULA_REF
Arriendo!$T$10,Flujo mensual!G12,CORE_FORMULA_REF
Arriendo!$T$10,Flujo mensual!I12,CORE_FORMULA_REF
Arriendo!$T$10,Flujo mensual!L12,CORE_FORMULA_REF
Arriendo!$T$10,Flujo mensual!N12,CORE_FORMULA_REF
Flujo mensual!C12:O12,Flujo mensual!P12,CORE_FORMULA_REF
Crédito Comercial 12A!$H$8,Flujo mensual!D13,CORE_FORMULA_REF
Crédito Comercial 12A!$H$8,Flujo mensual!E13,CORE_FORMULA_REF
Crédito Comercial 12A!$H$8,Flujo mensual!F13,CORE_FORMULA_REF
Crédito Comercial 12A!$H$8,Flujo mensual!G13,CORE_FORMULA_REF
Crédito Comercial 12A!$H$8,Flujo mensual!H13,CORE_FORMULA_REF
Crédito Comercial 12A!$H$8,Flujo mensual!I13,CORE_FORMULA_REF
Crédito Comercial 12A!$H$8,Flujo mensual!J13,CORE_FORMULA_REF
Crédito Comercial 12A!$H$8,Flujo mensual!K13,CORE_FORMULA_REF
Crédito Comercial 12A!$H$8,Flujo mensual!L13,CORE_FORMULA_REF
Crédito Comercial 12A!$H$8,Flujo mensual!M13,CORE_FORMULA_REF
Crédito Comercial 12A!$H$8,Flujo mensual!N13,CORE_FORMULA_REF
Crédito Comercial 12A!$H$8,Flujo mensual!O13,CORE_FORMULA_REF
Flujo mensual!C13:O13,Flujo mensual!P13,CORE_FORMULA_REF
Flujo mensual!P13,Flujo mensual!Q13,CORE_FORMULA_REF
Flujo mensual!P4,Flujo mensual!Q13,CORE_FORMULA_REF
Arriendo!T16,Flujo mensual!C14,CORE_FORMULA_REF
Flujo mensual!C14:O14,Flujo mensual!P14,CORE_FORMULA_REF
Arriendo!$R$19,Flujo mensual!E15,CORE_FORMULA_REF
Arriendo!$R$19,Flujo mensual!F15,CORE_FORMULA_REF
Arriendo!$R$19,Flujo mensual!G15,CORE_FORMULA_REF
Arriendo!$R$19,Flujo mensual!H15,CORE_FORMULA_REF
Arriendo!$R$19,Flujo mensual!I15,CORE_FORMULA_REF
Arriendo!$R$19,Flujo mensual!J15,CORE_FORMULA_REF
Flujo mensual!C15:O15,Flujo mensual!P15,CORE_FORMULA_REF
Arriendo!$T$22,Flujo mensual!D16,CORE_FORMULA_REF
Arriendo!$R$22,Flujo mensual!E16,CORE_FORMULA_REF
Arriendo!$R$22,Flujo mensual!F16,CORE_FORMULA_REF
Arriendo!$R$22,Flujo mensual!G16,CORE_FORMULA_REF
Arriendo!$R$22,Flujo mensual!H16,CORE_FORMULA_REF
Arriendo!$R$22,Flujo mensual!I16,CORE_FORMULA_REF
Flujo mensual!C16:O16,Flujo mensual!P16,CORE_FORMULA_REF
Arriendo!$R$31,Flujo mensual!E17,CORE_FORMULA_REF
Arriendo!$R$31,Flujo mensual!F17,CORE_FORMULA_REF
Arriendo!$R$31,Flujo mensual!G17,CORE_FORMULA_REF
Arriendo!$R$31,Flujo mensual!H17,CORE_FORMULA_REF
Arriendo!$R$31,Flujo mensual!I17,CORE_FORMULA_REF
Arriendo!$R$31,Flujo mensual!J17,CORE_FORMULA_REF
Flujo mensual!J17,Flujo mensual!K17,CORE_FORMULA_REF
Flujo mensual!K17,Flujo mensual!L17,CORE_FORMULA_REF
Flujo mensual!L17,Flujo mensual!M17,CORE_FORMULA_REF
Flujo mensual!M17,Flujo mensual!N17,CORE_FORMULA_REF
Flujo mensual!N17,Flujo mensual!O17,CORE_FORMULA_REF
Flujo mensual!C17:O17,Flujo mensual!P17,CORE_FORMULA_REF
Flujo mensual!C18:O18,Flujo mensual!P18,CORE_FORMULA_REF
Arriendo!$T$28,Flujo mensual!D19,CORE_FORMULA_REF
Arriendo!$T$28,Flujo mensual!E19,CORE_FORMULA_REF
Arriendo!$T$28,Flujo mensual!F19,CORE_FORMULA_REF
Arriendo!$T$28,Flujo mensual!G19,CORE_FORMULA_REF
Arriendo!$T$28,Flujo mensual!H19,CORE_FORMULA_REF
Arriendo!$T$28,Flujo mensual!I19,CORE_FORMULA_REF
Arriendo!$T$28,Flujo mensual!J19,CORE_FORMULA_REF
Arriendo!$T$28,Flujo mensual!K19,CORE_FORMULA_REF
Arriendo!$T$28,Flujo mensual!L19,CORE_FORMULA_REF
Arriendo!$T$28,Flujo mensual!M19,CORE_FORMULA_REF
Arriendo!$T$28,Flujo mensual!N19,CORE_FORMULA_REF
Arriendo!$T$28,Flujo mensual!O19,CORE_FORMULA_REF
Flujo mensual!C19:O19,Flujo mensual!P19,CORE_FORMULA_REF
Arriendo!K4:K5,Flujo mensual!E20,CORE_FORMULA_REF
Arriendo!K4:K7,Flujo mensual!F20,CORE_FORMULA_REF
Arriendo!K4:K9,Flujo mensual!G20,CORE_FORMULA_REF
Arriendo!$K$4:$K$11,Flujo mensual!H20,CORE_FORMULA_REF
Arriendo!$K$4:$K$15,Flujo mensual!I20,CORE_FORMULA_REF
Arriendo!$K$4:$K$18,Flujo mensual!J20,CORE_FORMULA_REF
Flujo mensual!J20,Flujo mensual!K20,CORE_FORMULA_REF
Flujo mensual!K20,Flujo mensual!L20,CORE_FORMULA_REF
Flujo mensual!L20,Flujo mensual!M20,CORE_FORMULA_REF
Flujo mensual!M20,Flujo mensual!N20,CORE_FORMULA_REF
Flujo mensual!N20,Flujo mensual!O20,CORE_FORMULA_REF
Flujo mensual!C20:O20,Flujo mensual!P20,CORE_FORMULA_REF
Flujo mensual!C11:C20,Flujo mensual!C21,CORE_FORMULA_REF
Flujo mensual!D11:D20,Flujo mensual!D21,CORE_FORMULA_REF
Flujo mensual!E11:E20,Flujo mensual!E21,CORE_FORMULA_REF
Flujo mensual!F11:F20,Flujo mensual!F21,CORE_FORMULA_REF
Flujo mensual!G11:G20,Flujo mensual!G21,CORE_FORMULA_REF
Flujo mensual!H11:H20,Flujo mensual!H21,CORE_FORMULA_REF
Flujo mensual!I11:I20,Flujo mensual!I21,CORE_FORMULA_REF
Flujo mensual!J11:J20,Flujo mensual!J21,CORE_FORMULA_REF
Flujo mensual!K11:K20,Flujo mensual!K21,CORE_FORMULA_REF
Flujo mensual!L11:L20,Flujo mensual!L21,CORE_FORMULA_REF
Flujo mensual!M11:M20,Flujo mensual!M21,CORE_FORMULA_REF
Flujo mensual!N11:N20,Flujo mensual!N21,CORE_FORMULA_REF
Flujo mensual!O11:O20,Flujo mensual!O21,CORE_FORMULA_REF
Flujo mensual!P11:P20,Flujo mensual!P21,CORE_FORMULA_REF
Flujo mensual!C7,Flujo mensual!C23,CORE_FORMULA_REF
Flujo mensual!C21,Flujo mensual!C23,CORE_FORMULA_REF
Flujo mensual!D7,Flujo mensual!D23,CORE_FORMULA_REF
Flujo mensual!D21,Flujo mensual!D23,CORE_FORMULA_REF
Flujo mensual!E7,Flujo mensual!E23,CORE_FORMULA_REF
Flujo mensual!E21,Flujo mensual!E23,CORE_FORMULA_REF
Flujo mensual!F7,Flujo mensual!F23,CORE_FORMULA_REF
Flujo mensual!F21,Flujo mensual!F23,CORE_FORMULA_REF
Flujo mensual!G7,Flujo mensual!G23,CORE_FORMULA_REF
Flujo mensual!G21,Flujo mensual!G23,CORE_FORMULA_REF
Flujo mensual!H7,Flujo mensual!H23,CORE_FORMULA_REF
Flujo mensual!H21,Flujo mensual!H23,CORE_FORMULA_REF
Flujo mensual!I7,Flujo mensual!I23,CORE_FORMULA_REF
Flujo mensual!I21,Flujo mensual!I23,CORE_FORMULA_REF
Flujo mensual!J7,Flujo mensual!J23,CORE_FORMULA_REF
Flujo mensual!J21,Flujo mensual!J23,CORE_FORMULA_REF
Flujo mensual!K7,Flujo mensual!K23,CORE_FORMULA_REF
Flujo mensual!K21,Flujo mensual!K23,CORE_FORMULA_REF
Flujo mensual!L7,Flujo mensual!L23,CORE_FORMULA_REF
Flujo mensual!L21,Flujo mensual!L23,CORE_FORMULA_REF
Flujo mensual!M7,Flujo mensual!M23,CORE_FORMULA_REF
Flujo mensual!M21,Flujo mensual!M23,CORE_FORMULA_REF
Flujo mensual!N7,Flujo mensual!N23,CORE_FORMULA_REF
Flujo mensual!N21,Flujo mensual!N23,CORE_FORMULA_REF
Flujo mensual!O7,Flujo mensual!O23,CORE_FORMULA_REF
Flujo mensual!O21,Flujo mensual!O23,CORE_FORMULA_REF
Flujo mensual!C23:O23,Flujo mensual!P23,CORE_FORMULA_REF
Flujo mensual!C23,Flujo mensual!C24,CORE_FORMULA_REF
Flujo mensual!C24,Flujo mensual!D24,CORE_FORMULA_REF
Flujo mensual!D23,Flujo mensual!D24,CORE_FORMULA_REF
Flujo mensual!D24,Flujo mensual!E24,CORE_FORMULA_REF
Flujo mensual!E23,Flujo mensual!E24,CORE_FORMULA_REF
Flujo mensual!E24,Flujo mensual!F24,CORE_FORMULA_REF
Flujo mensual!F23,Flujo mensual!F24,CORE_FORMULA_REF
Flujo mensual!F24,Flujo mensual!G24,CORE_FORMULA_REF
Flujo mensual!G23,Flujo mensual!G24,CORE_FORMULA_REF
Flujo mensual!G24,Flujo mensual!H24,CORE_FORMULA_REF
Flujo mensual!H23,Flujo mensual!H24,CORE_FORMULA_REF
Flujo mensual!H24,Flujo mensual!I24,CORE_FORMULA_REF
Flujo mensual!I23,Flujo mensual!I24,CORE_FORMULA_REF
Flujo mensual!I24,Flujo mensual!J24,CORE_FORMULA_REF
Flujo mensual!J23,Flujo mensual!J24,CORE_FORMULA_REF
Flujo mensual!J24,Flujo mensual!K24,CORE_FORMULA_REF
Flujo mensual!K23,Flujo mensual!K24,CORE_FORMULA_REF
Flujo mensual!K24,Flujo mensual!L24,CORE_FORMULA_REF
Flujo mensual!L23,Flujo mensual!L24,CORE_FORMULA_REF
Flujo mensual!L24,Flujo mensual!M24,CORE_FORMULA_REF
Flujo mensual!M23,Flujo mensual!M24,CORE_FORMULA_REF
Flujo mensual!M24,Flujo mensual!N24,CORE_FORMULA_REF
Flujo mensual!N23,Flujo mensual!N24,CORE_FORMULA_REF
Flujo mensual!N24,Flujo mensual!O24,CORE_FORMULA_REF
Flujo mensual!O23,Flujo mensual!O24,CORE_FORMULA_REF
Flujo mensual!P4,Flujo 5 años C12!F3,CORE_FORMULA_REF
Flujo mensual!$O$4,Flujo 5 años C12!G3,CORE_FORMULA_REF
Flujo mensual!$O$4,Flujo 5 años C12!H3,CORE_FORMULA_REF
Flujo mensual!$O$4,Flujo 5 años C12!I3,CORE_FORMULA_REF
Flujo mensual!$O$4,Flujo 5 años C12!J3,CORE_FORMULA_REF
Flujo 5 años C12!F3:M3,Flujo 5 años C12!N3,CORE_FORMULA_REF
Flujo mensual!G5,Flujo 5 años C12!F4,CORE_FORMULA_REF
Flujo 5 años C12!F4:M4,Flujo 5 años C12!N4,CORE_FORMULA_REF
Flujo mensual!G6,Flujo 5 años C12!F5,CORE_FORMULA_REF
Flujo 5 años C12!F5:M5,Flujo 5 años C12!N5,CORE_FORMULA_REF
IVA Dptos!AD23,Flujo 5 años C12!J6,CORE_FORMULA_REF
Flujo 5 años C12!F6:M6,Flujo 5 años C12!N6,CORE_FORMULA_REF
Flujo 5 años C12!E3:E6,Flujo 5 años C12!E7,CORE_FORMULA_REF
Flujo 5 años C12!F3:F6,Flujo 5 años C12!F7,CORE_FORMULA_REF
Flujo 5 años C12!G3:G6,Flujo 5 años C12!G7,CORE_FORMULA_REF
Flujo 5 años C12!H3:H6,Flujo 5 años C12!H7,CORE_FORMULA_REF
Flujo 5 años C12!I3:I6,Flujo 5 años C12!I7,CORE_FORMULA_REF
Flujo 5 años C12!J3:J6,Flujo 5 años C12!J7,CORE_FORMULA_REF
Flujo 5 años C12!K3:K6,Flujo 5 años C12!K7,CORE_FORMULA_REF
Flujo 5 años C12!L3:L6,Flujo 5 años C12!L7,CORE_FORMULA_REF
Flujo 5 años C12!M3:M6,Flujo 5 años C12!M7,CORE_FORMULA_REF
Flujo 5 años C12!N3:N6,Flujo 5 años C12!N7,CORE_FORMULA_REF
Flujo mensual!C11,Flujo 5 años C12!E10,CORE_FORMULA_REF
Flujo 5 años C12!E10:M10,Flujo 5 años C12!N10,CORE_FORMULA_REF
Flujo mensual!$P$12,Flujo 5 años C12!F11,CORE_FORMULA_REF
Flujo mensual!$P$12,Flujo 5 años C12!G11,CORE_FORMULA_REF
Flujo mensual!$P$12,Flujo 5 años C12!H11,CORE_FORMULA_REF
Flujo mensual!$P$12,Flujo 5 años C12!I11,CORE_FORMULA_REF
Flujo mensual!$P$12,Flujo 5 años C12!J11,CORE_FORMULA_REF
Flujo 5 años C12!E11:M11,Flujo 5 años C12!N11,CORE_FORMULA_REF
Crédito Comercial 12A!D10,Flujo 5 años C12!E12,CORE_FORMULA_REF
Flujo 5 años C12!E12:M12,Flujo 5 años C12!N12,CORE_FORMULA_REF
Flujo mensual!$P$13,Flujo 5 años C12!F13,CORE_FORMULA_REF
Flujo mensual!$P$13,Flujo 5 años C12!G13,CORE_FORMULA_REF
Flujo mensual!$P$13,Flujo 5 años C12!H13,CORE_FORMULA_REF
Flujo mensual!$P$13,Flujo 5 años C12!I13,CORE_FORMULA_REF
Flujo mensual!$P$13,Flujo 5 años C12!J13,CORE_FORMULA_REF
Flujo 5 años C12!E13:M13,Flujo 5 años C12!N13,CORE_FORMULA_REF
Flujo mensual!P14,Flujo 5 años C12!E14,CORE_FORMULA_REF
Flujo 5 años C12!E14:M14,Flujo 5 años C12!N14,CORE_FORMULA_REF
Flujo mensual!P15,Flujo 5 años C12!F15,CORE_FORMULA_REF
Flujo 5 años C12!E15:M15,Flujo 5 años C12!N15,CORE_FORMULA_REF
Flujo mensual!P16,Flujo 5 años C12!F16,CORE_FORMULA_REF
Flujo 5 años C12!E16:M16,Flujo 5 años C12!N16,CORE_FORMULA_REF
Flujo mensual!P17,Flujo 5 años C12!F17,CORE_FORMULA_REF
Flujo mensual!$O$17,Flujo 5 años C12!G17,CORE_FORMULA_REF
Flujo mensual!$O$17,Flujo 5 años C12!H17,CORE_FORMULA_REF
Flujo mensual!$O$17,Flujo 5 años C12!I17,CORE_FORMULA_REF
Flujo mensual!$O$17,Flujo 5 años C12!J17,CORE_FORMULA_REF
Flujo 5 años C12!E17:M17,Flujo 5 años C12!N17,CORE_FORMULA_REF
Flujo mensual!$P$19,Flujo 5 años C12!F18,CORE_FORMULA_REF
Flujo mensual!$P$19,Flujo 5 años C12!G18,CORE_FORMULA_REF
Flujo mensual!$P$19,Flujo 5 años C12!H18,CORE_FORMULA_REF
Flujo mensual!$P$19,Flujo 5 años C12!I18,CORE_FORMULA_REF
Flujo mensual!$P$19,Flujo 5 años C12!J18,CORE_FORMULA_REF
Flujo 5 años C12!E18:M18,Flujo 5 años C12!N18,CORE_FORMULA_REF
Crédito C12!O9,Flujo 5 años C12!F19,CORE_FORMULA_REF
Crédito C12!AA9,Flujo 5 años C12!G19,CORE_FORMULA_REF
Crédito C12!AM9,Flujo 5 años C12!H19,CORE_FORMULA_REF
Crédito C12!AY9,Flujo 5 años C12!I19,CORE_FORMULA_REF
Crédito C12!BK9,Flujo 5 años C12!J19,CORE_FORMULA_REF
Flujo 5 años C12!E19:M19,Flujo 5 años C12!N19,CORE_FORMULA_REF
Flujo mensual!P20,Flujo 5 años C12!F20,CORE_FORMULA_REF
Flujo mensual!$O$20,Flujo 5 años C12!G20,CORE_FORMULA_REF
Flujo mensual!$O$20,Flujo 5 años C12!H20,CORE_FORMULA_REF
Flujo mensual!$O$20,Flujo 5 años C12!I20,CORE_FORMULA_REF
Flujo mensual!$O$20,Flujo 5 años C12!J20,CORE_FORMULA_REF
Flujo 5 años C12!E20:M20,Flujo 5 años C12!N20,CORE_FORMULA_REF
Flujo 5 años C12!E10:E21,Flujo 5 años C12!E22,CORE_FORMULA_REF
Flujo 5 años C12!F10:F21,Flujo 5 años C12!F22,CORE_FORMULA_REF
Flujo 5 años C12!G10:G21,Flujo 5 años C12!G22,CORE_FORMULA_REF
Flujo 5 años C12!H10:H21,Flujo 5 años C12!H22,CORE_FORMULA_REF
Flujo 5 años C12!I10:I21,Flujo 5 años C12!I22,CORE_FORMULA_REF
Flujo 5 años C12!J10:J21,Flujo 5 años C12!J22,CORE_FORMULA_REF
Flujo 5 años C12!K10:K21,Flujo 5 años C12!K22,CORE_FORMULA_REF
Flujo 5 años C12!L10:L20,Flujo 5 años C12!L22,CORE_FORMULA_REF
Flujo 5 años C12!M10:M20,Flujo 5 años C12!M22,CORE_FORMULA_REF
Flujo 5 años C12!N10:N20,Flujo 5 años C12!N22,CORE_FORMULA_REF
Flujo 5 años C12!E7,Flujo 5 años C12!E24,CORE_FORMULA_REF
Flujo 5 años C12!E22,Flujo 5 años C12!E24,CORE_FORMULA_REF
Flujo 5 años C12!F7,Flujo 5 años C12!F24,CORE_FORMULA_REF
Flujo 5 años C12!F22,Flujo 5 años C12!F24,CORE_FORMULA_REF
Flujo 5 años C12!G7,Flujo 5 años C12!G24,CORE_FORMULA_REF
Flujo 5 años C12!G22,Flujo 5 años C12!G24,CORE_FORMULA_REF
Flujo 5 años C12!H7,Flujo 5 años C12!H24,CORE_FORMULA_REF
Flujo 5 años C12!H22,Flujo 5 años C12!H24,CORE_FORMULA_REF
Flujo 5 años C12!I7,Flujo 5 años C12!I24,CORE_FORMULA_REF
Flujo 5 años C12!I22,Flujo 5 años C12!I24,CORE_FORMULA_REF
Flujo 5 años C12!J7,Flujo 5 años C12!J24,CORE_FORMULA_REF
Flujo 5 años C12!J22,Flujo 5 años C12!J24,CORE_FORMULA_REF
Flujo 5 años C12!L7,Flujo 5 años C12!L24,CORE_FORMULA_REF
Flujo 5 años C12!L22,Flujo 5 años C12!L24,CORE_FORMULA_REF
Flujo 5 años C12!M7,Flujo 5 años C12!M24,CORE_FORMULA_REF
Flujo 5 años C12!M22,Flujo 5 años C12!M24,CORE_FORMULA_REF
Flujo 5 años C12!E24:M24,Flujo 5 años C12!N24,CORE_FORMULA_REF
Flujo 5 años C12!N7,Flujo 5 años C12!P24,CORE_FORMULA_REF
Flujo 5 años C12!N22,Flujo 5 años C12!P24,CORE_FORMULA_REF
Flujo 5 años C12!J27,Flujo 5 años C12!P24,CORE_FORMULA_REF
Flujo 5 años C12!J28,Flujo 5 años C12!P24,CORE_FORMULA_REF
Flujo 5 años C12!E24,Flujo 5 años C12!E25,CORE_FORMULA_REF
Flujo 5 años C12!E25,Flujo 5 años C12!F25,CORE_FORMULA_REF
Flujo 5 años C12!F24,Flujo 5 años C12!F25,CORE_FORMULA_REF
Flujo 5 años C12!F25,Flujo 5 años C12!G25,CORE_FORMULA_REF
Flujo 5 años C12!G24,Flujo 5 años C12!G25,CORE_FORMULA_REF
Flujo 5 años C12!G25,Flujo 5 años C12!H25,CORE_FORMULA_REF
Flujo 5 años C12!H24,Flujo 5 años C12!H25,CORE_FORMULA_REF
Flujo 5 años C12!H25,Flujo 5 años C12!I25,CORE_FORMULA_REF
Flujo 5 años C12!I24,Flujo 5 años C12!I25,CORE_FORMULA_REF
Flujo 5 años C12!I25,Flujo 5 años C12!J25,CORE_FORMULA_REF
Flujo 5 años C12!J24,Flujo 5 años C12!J25,CORE_FORMULA_REF
Flujo 5 años C12!E4,Flujo 5 años C12!E27,CORE_FORMULA_REF
Flujo 5 años C12!E5,Flujo 5 años C12!E27,CORE_FORMULA_REF
Flujo 5 años C12!E20,Flujo 5 años C12!E27,CORE_FORMULA_REF
Flujo 5 años C12!F4,Flujo 5 años C12!F27,CORE_FORMULA_REF
Flujo 5 años C12!F5,Flujo 5 años C12!F27,CORE_FORMULA_REF
Flujo 5 años C12!F20,Flujo 5 años C12!F27,CORE_FORMULA_REF
Flujo 5 años C12!F27,Flujo 5 años C12!G27,CORE_FORMULA_REF
Flujo 5 años C12!G20,Flujo 5 años C12!G27,CORE_FORMULA_REF
Flujo 5 años C12!G27,Flujo 5 años C12!H27,CORE_FORMULA_REF
Flujo 5 años C12!H20,Flujo 5 años C12!H27,CORE_FORMULA_REF
Flujo 5 años C12!H27,Flujo 5 años C12!I27,CORE_FORMULA_REF
Flujo 5 años C12!I20,Flujo 5 años C12!I27,CORE_FORMULA_REF
Flujo 5 años C12!I27,Flujo 5 años C12!J27,CORE_FORMULA_REF
Flujo 5 años C12!J20,Flujo 5 años C12!J27,CORE_FORMULA_REF
Crédito Comercial 12A!K67,Flujo 5 años C12!J28,CORE_FORMULA_REF
Flujo 5 años C12!E30:J30,Flujo 5 años C12!N30,CORE_FORMULA_REF
Flujo 5 años C12!N30,Flujo 5 años C12!L31,CORE_FORMULA_REF
Flujo 5 años C12!L36,Flujo 5 años C12!M32,CORE_FORMULA_REF
Flujo 5 años C12!E30:E32,Flujo 5 años C12!E33,CORE_FORMULA_REF
Flujo 5 años C12!F30:F32,Flujo 5 años C12!F33,CORE_FORMULA_REF
Flujo 5 años C12!G30:G32,Flujo 5 años C12!G33,CORE_FORMULA_REF
Flujo 5 años C12!H30:H32,Flujo 5 años C12!H33,CORE_FORMULA_REF
Flujo 5 años C12!I30:I32,Flujo 5 años C12!I33,CORE_FORMULA_REF
Flujo 5 años C12!J30:J32,Flujo 5 años C12!J33,CORE_FORMULA_REF
Flujo 5 años C12!L30:L32,Flujo 5 años C12!L33,CORE_FORMULA_REF
Flujo 5 años C12!M30:M32,Flujo 5 años C12!M33,CORE_FORMULA_REF
Flujo 5 años C12!N30:N32,Flujo 5 años C12!N33,CORE_FORMULA_REF
Flujo 5 años C12!E25,Flujo 5 años C12!E35,CORE_FORMULA_REF
Flujo 5 años C12!E33,Flujo 5 años C12!E35,CORE_FORMULA_REF
Flujo 5 años C12!F24,Flujo 5 años C12!F35,CORE_FORMULA_REF
Flujo 5 años C12!F33,Flujo 5 años C12!F35,CORE_FORMULA_REF
Flujo 5 años C12!G24,Flujo 5 años C12!G35,CORE_FORMULA_REF
Flujo 5 años C12!G33,Flujo 5 años C12!G35,CORE_FORMULA_REF
Flujo 5 años C12!H24,Flujo 5 años C12!H35,CORE_FORMULA_REF
Flujo 5 años C12!H33,Flujo 5 años C12!H35,CORE_FORMULA_REF
Flujo 5 años C12!I24,Flujo 5 años C12!I35,CORE_FORMULA_REF
Flujo 5 años C12!I33,Flujo 5 años C12!I35,CORE_FORMULA_REF
Flujo 5 años C12!J24,Flujo 5 años C12!J35,CORE_FORMULA_REF
Flujo 5 años C12!J27,Flujo 5 años C12!J35,CORE_FORMULA_REF
Flujo 5 años C12!J28,Flujo 5 años C12!J35,CORE_FORMULA_REF
Flujo 5 años C12!J33,Flujo 5 años C12!J35,CORE_FORMULA_REF
Flujo 5 años C12!L24,Flujo 5 años C12!L35,CORE_FORMULA_REF
Flujo 5 años C12!L33,Flujo 5 años C12!L35,CORE_FORMULA_REF
Flujo 5 años C12!L27,Flujo 5 años C12!L35,CORE_FORMULA_REF
Flujo 5 años C12!L28,Flujo 5 años C12!L35,CORE_FORMULA_REF
Flujo 5 años C12!M24,Flujo 5 años C12!M35,CORE_FORMULA_REF
Flujo 5 años C12!M33,Flujo 5 años C12!M35,CORE_FORMULA_REF
Flujo 5 años C12!M27,Flujo 5 años C12!M35,CORE_FORMULA_REF
Flujo 5 años C12!M28,Flujo 5 años C12!M35,CORE_FORMULA_REF
Flujo 5 años C12!E35:M35,Flujo 5 años C12!N35,CORE_FORMULA_REF
Flujo 5 años C12!E35,Flujo 5 años C12!E36,CORE_FORMULA_REF
Flujo 5 años C12!F35,Flujo 5 años C12!F36,CORE_FORMULA_REF
Flujo 5 años C12!E36,Flujo 5 años C12!F36,CORE_FORMULA_REF
Flujo 5 años C12!G35,Flujo 5 años C12!G36,CORE_FORMULA_REF
Flujo 5 años C12!F36,Flujo 5 años C12!G36,CORE_FORMULA_REF
Flujo 5 años C12!H35,Flujo 5 años C12!H36,CORE_FORMULA_REF
Flujo 5 años C12!G36,Flujo 5 años C12!H36,CORE_FORMULA_REF
Flujo 5 años C12!I35,Flujo 5 años C12!I36,CORE_FORMULA_REF
Flujo 5 años C12!H36,Flujo 5 años C12!I36,CORE_FORMULA_REF
Flujo 5 años C12!J35,Flujo 5 años C12!J36,CORE_FORMULA_REF
Flujo 5 años C12!I36,Flujo 5 años C12!J36,CORE_FORMULA_REF
Flujo 5 años C12!L35,Flujo 5 años C12!L36,CORE_FORMULA_REF
Flujo 5 años C12!J36,Flujo 5 años C12!L36,CORE_FORMULA_REF
Flujo 5 años C12!M35,Flujo 5 años C12!M36,CORE_FORMULA_REF
Flujo 5 años C12!L36,Flujo 5 años C12!M36,CORE_FORMULA_REF
Flujo 5 años C12!J25,Flujo 5 años C12!M38,CORE_FORMULA_REF
Flujo 5 años C12!J27,Flujo 5 años C12!M38,CORE_FORMULA_REF
Flujo 5 años C12!J28,Flujo 5 años C12!M38,CORE_FORMULA_REF
Flujo 5 años C12!E25:J25,Flujo 5 años C12!D40,CORE_FORMULA_REF
Flujo mensual!P4,Flujo 5 años C12 (2)!F5,CORE_FORMULA_REF
Flujo mensual!$O$4,Flujo 5 años C12 (2)!G5,CORE_FORMULA_REF
Flujo mensual!$O$4,Flujo 5 años C12 (2)!H5,CORE_FORMULA_REF
Flujo mensual!$O$4,Flujo 5 años C12 (2)!I5,CORE_FORMULA_REF
Flujo mensual!$O$4,Flujo 5 años C12 (2)!J5,CORE_FORMULA_REF
Flujo 5 años C12 (2)!F5:M5,Flujo 5 años C12 (2)!N5,CORE_FORMULA_REF
Flujo 5 años C20!F3,Flujo 5 años C12 (2)!R5,CORE_FORMULA_REF
Flujo 5 años C20!G3,Flujo 5 años C12 (2)!S5,CORE_FORMULA_REF
Flujo 5 años C20!H3,Flujo 5 años C12 (2)!T5,CORE_FORMULA_REF
Flujo 5 años C20!I3,Flujo 5 años C12 (2)!U5,CORE_FORMULA_REF
Flujo 5 años C20!J3,Flujo 5 años C12 (2)!V5,CORE_FORMULA_REF
Flujo 5 años C12 (2)!R5:Y5,Flujo 5 años C12 (2)!Z5,CORE_FORMULA_REF
Flujo mensual!G5,Flujo 5 años C12 (2)!F6,CORE_FORMULA_REF
Flujo 5 años C12 (2)!F6:M6,Flujo 5 años C12 (2)!N6,CORE_FORMULA_REF
Flujo 5 años C20!F4,Flujo 5 años C12 (2)!R6,CORE_FORMULA_REF
Flujo 5 años C12 (2)!R6:Y6,Flujo 5 años C12 (2)!Z6,CORE_FORMULA_REF
Flujo mensual!G6,Flujo 5 años C12 (2)!F7,CORE_FORMULA_REF
Flujo 5 años C12 (2)!F7:M7,Flujo 5 años C12 (2)!N7,CORE_FORMULA_REF
Flujo 5 años C20!F5,Flujo 5 años C12 (2)!R7,CORE_FORMULA_REF
Flujo 5 años C12 (2)!R7:Y7,Flujo 5 años C12 (2)!Z7,CORE_FORMULA_REF
IVA Dptos!AD23,Flujo 5 años C12 (2)!J8,CORE_FORMULA_REF
Flujo 5 años C12!N6,Flujo 5 años C12 (2)!N8,CORE_FORMULA_REF
Flujo 5 años C20!J6,Flujo 5 años C12 (2)!V8,CORE_FORMULA_REF
Flujo 5 años C12 (2)!R8:Y8,Flujo 5 años C12 (2)!Z8,CORE_FORMULA_REF
Flujo 5 años C12 (2)!E5:E8,Flujo 5 años C12 (2)!E9,CORE_FORMULA_REF
Flujo 5 años C12 (2)!F5:F8,Flujo 5 años C12 (2)!F9,CORE_FORMULA_REF
Flujo 5 años C12 (2)!G5:G8,Flujo 5 años C12 (2)!G9,CORE_FORMULA_REF
Flujo 5 años C12 (2)!H5:H8,Flujo 5 años C12 (2)!H9,CORE_FORMULA_REF
Flujo 5 años C12 (2)!I5:I8,Flujo 5 años C12 (2)!I9,CORE_FORMULA_REF
Flujo 5 años C12 (2)!J5:J8,Flujo 5 años C12 (2)!J9,CORE_FORMULA_REF
Flujo 5 años C12 (2)!K5:K8,Flujo 5 años C12 (2)!K9,CORE_FORMULA_REF
Flujo 5 años C12 (2)!L5:L8,Flujo 5 años C12 (2)!L9,CORE_FORMULA_REF
Flujo 5 años C12 (2)!M5:M8,Flujo 5 años C12 (2)!M9,CORE_FORMULA_REF
Flujo 5 años C12 (2)!N5:N8,Flujo 5 años C12 (2)!N9,CORE_FORMULA_REF
Flujo 5 años C12 (2)!R5:R8,Flujo 5 años C12 (2)!R9,CORE_FORMULA_REF
Flujo 5 años C12 (2)!S5:S8,Flujo 5 años C12 (2)!S9,CORE_FORMULA_REF
Flujo 5 años C12 (2)!T5:T8,Flujo 5 años C12 (2)!T9,CORE_FORMULA_REF
Flujo 5 años C12 (2)!U5:U8,Flujo 5 años C12 (2)!U9,CORE_FORMULA_REF
Flujo 5 años C12 (2)!V5:V8,Flujo 5 años C12 (2)!V9,CORE_FORMULA_REF
Flujo 5 años C12 (2)!Z5:Z8,Flujo 5 años C12 (2)!Z9,CORE_FORMULA_REF
Flujo mensual!C11,Flujo 5 años C12 (2)!E12,CORE_FORMULA_REF
Flujo 5 años C12 (2)!E12:M12,Flujo 5 años C12 (2)!N12,CORE_FORMULA_REF
Flujo 5 años C20!D10,Flujo 5 años C12 (2)!P12,CORE_FORMULA_REF
Flujo 5 años C20!E10,Flujo 5 años C12 (2)!Q12,CORE_FORMULA_REF
Flujo 5 años C20!F10,Flujo 5 años C12 (2)!R12,CORE_FORMULA_REF
Flujo 5 años C20!G10,Flujo 5 años C12 (2)!S12,CORE_FORMULA_REF
Flujo 5 años C20!H10,Flujo 5 años C12 (2)!T12,CORE_FORMULA_REF
Flujo 5 años C20!I10,Flujo 5 años C12 (2)!U12,CORE_FORMULA_REF
Flujo 5 años C20!J10,Flujo 5 años C12 (2)!V12,CORE_FORMULA_REF
Flujo 5 años C20!K10,Flujo 5 años C12 (2)!W12,CORE_FORMULA_REF
Flujo 5 años C20!L10,Flujo 5 años C12 (2)!X12,CORE_FORMULA_REF
Flujo 5 años C20!M10,Flujo 5 años C12 (2)!Y12,CORE_FORMULA_REF
Flujo 5 años C12 (2)!Q12:Y12,Flujo 5 años C12 (2)!Z12,CORE_FORMULA_REF
Flujo mensual!$P$12,Flujo 5 años C12 (2)!F13,CORE_FORMULA_REF
Flujo mensual!$P$12,Flujo 5 años C12 (2)!G13,CORE_FORMULA_REF
Flujo mensual!$P$12,Flujo 5 años C12 (2)!H13,CORE_FORMULA_REF
Flujo mensual!$P$12,Flujo 5 años C12 (2)!I13,CORE_FORMULA_REF
Flujo mensual!$P$12,Flujo 5 años C12 (2)!J13,CORE_FORMULA_REF
Flujo 5 años C12 (2)!E13:M13,Flujo 5 años C12 (2)!N13,CORE_FORMULA_REF
Flujo 5 años C20!D11,Flujo 5 años C12 (2)!P13,CORE_FORMULA_REF
Flujo 5 años C20!E11,Flujo 5 años C12 (2)!Q13,CORE_FORMULA_REF
Flujo 5 años C20!F11,Flujo 5 años C12 (2)!R13,CORE_FORMULA_REF
Flujo 5 años C20!G11,Flujo 5 años C12 (2)!S13,CORE_FORMULA_REF
Flujo 5 años C20!H11,Flujo 5 años C12 (2)!T13,CORE_FORMULA_REF
Flujo 5 años C20!I11,Flujo 5 años C12 (2)!U13,CORE_FORMULA_REF
Flujo 5 años C20!J11,Flujo 5 años C12 (2)!V13,CORE_FORMULA_REF
Flujo 5 años C20!K11,Flujo 5 años C12 (2)!W13,CORE_FORMULA_REF
Flujo 5 años C20!L11,Flujo 5 años C12 (2)!X13,CORE_FORMULA_REF
Flujo 5 años C20!M11,Flujo 5 años C12 (2)!Y13,CORE_FORMULA_REF
Flujo 5 años C12 (2)!Q13:Y13,Flujo 5 años C12 (2)!Z13,CORE_FORMULA_REF
Crédito Comercial 12A!D10,Flujo 5 años C12 (2)!E14,CORE_FORMULA_REF
Flujo 5 años C12 (2)!E14:M14,Flujo 5 años C12 (2)!N14,CORE_FORMULA_REF
Flujo 5 años C20!D12,Flujo 5 años C12 (2)!P14,CORE_FORMULA_REF
Flujo 5 años C20!E12,Flujo 5 años C12 (2)!Q14,CORE_FORMULA_REF
Flujo 5 años C20!F12,Flujo 5 años C12 (2)!R14,CORE_FORMULA_REF
Flujo 5 años C20!G12,Flujo 5 años C12 (2)!S14,CORE_FORMULA_REF
Flujo 5 años C20!H12,Flujo 5 años C12 (2)!T14,CORE_FORMULA_REF
Flujo 5 años C20!I12,Flujo 5 años C12 (2)!U14,CORE_FORMULA_REF
Flujo 5 años C20!J12,Flujo 5 años C12 (2)!V14,CORE_FORMULA_REF
Flujo 5 años C20!K12,Flujo 5 años C12 (2)!W14,CORE_FORMULA_REF
Flujo 5 años C20!L12,Flujo 5 años C12 (2)!X14,CORE_FORMULA_REF
Flujo 5 años C20!M12,Flujo 5 años C12 (2)!Y14,CORE_FORMULA_REF
Flujo 5 años C12 (2)!Q14:Y14,Flujo 5 años C12 (2)!Z14,CORE_FORMULA_REF
Flujo mensual!$P$13,Flujo 5 años C12 (2)!F15,CORE_FORMULA_REF
Flujo mensual!$P$13,Flujo 5 años C12 (2)!G15,CORE_FORMULA_REF
Flujo mensual!$P$13,Flujo 5 años C12 (2)!H15,CORE_FORMULA_REF
Flujo mensual!$P$13,Flujo 5 años C12 (2)!I15,CORE_FORMULA_REF
Flujo mensual!$P$13,Flujo 5 años C12 (2)!J15,CORE_FORMULA_REF
Flujo 5 años C12 (2)!E15:M15,Flujo 5 años C12 (2)!N15,CORE_FORMULA_REF
Flujo 5 años C20!D13,Flujo 5 años C12 (2)!P15,CORE_FORMULA_REF
Flujo 5 años C20!E13,Flujo 5 años C12 (2)!Q15,CORE_FORMULA_REF
Flujo 5 años C20!F13,Flujo 5 años C12 (2)!R15,CORE_FORMULA_REF
Flujo 5 años C20!G13,Flujo 5 años C12 (2)!S15,CORE_FORMULA_REF
Flujo 5 años C20!H13,Flujo 5 años C12 (2)!T15,CORE_FORMULA_REF
Flujo 5 años C20!I13,Flujo 5 años C12 (2)!U15,CORE_FORMULA_REF
Flujo 5 años C20!J13,Flujo 5 años C12 (2)!V15,CORE_FORMULA_REF
Flujo 5 años C20!K13,Flujo 5 años C12 (2)!W15,CORE_FORMULA_REF
Flujo 5 años C20!L13,Flujo 5 años C12 (2)!X15,CORE_FORMULA_REF
Flujo 5 años C20!M13,Flujo 5 años C12 (2)!Y15,CORE_FORMULA_REF
Flujo 5 años C12 (2)!Q15:Y15,Flujo 5 años C12 (2)!Z15,CORE_FORMULA_REF
Flujo mensual!P14,Flujo 5 años C12 (2)!E16,CORE_FORMULA_REF
Flujo 5 años C12 (2)!E16:M16,Flujo 5 años C12 (2)!N16,CORE_FORMULA_REF
Flujo 5 años C20!D14,Flujo 5 años C12 (2)!P16,CORE_FORMULA_REF
Flujo 5 años C20!E14,Flujo 5 años C12 (2)!Q16,CORE_FORMULA_REF
Flujo 5 años C20!F14,Flujo 5 años C12 (2)!R16,CORE_FORMULA_REF
Flujo 5 años C20!G14,Flujo 5 años C12 (2)!S16,CORE_FORMULA_REF
Flujo 5 años C20!H14,Flujo 5 años C12 (2)!T16,CORE_FORMULA_REF
Flujo 5 años C20!I14,Flujo 5 años C12 (2)!U16,CORE_FORMULA_REF
Flujo 5 años C20!J14,Flujo 5 años C12 (2)!V16,CORE_FORMULA_REF
Flujo 5 años C20!K14,Flujo 5 años C12 (2)!W16,CORE_FORMULA_REF
Flujo 5 años C20!L14,Flujo 5 años C12 (2)!X16,CORE_FORMULA_REF
Flujo 5 años C20!M14,Flujo 5 años C12 (2)!Y16,CORE_FORMULA_REF
Flujo 5 años C12 (2)!Q16:Y16,Flujo 5 años C12 (2)!Z16,CORE_FORMULA_REF
Flujo mensual!P15,Flujo 5 años C12 (2)!F17,CORE_FORMULA_REF
Flujo 5 años C12 (2)!E17:M17,Flujo 5 años C12 (2)!N17,CORE_FORMULA_REF
Flujo 5 años C20!D15,Flujo 5 años C12 (2)!P17,CORE_FORMULA_REF
Flujo 5 años C20!E15,Flujo 5 años C12 (2)!Q17,CORE_FORMULA_REF
Flujo 5 años C20!F15,Flujo 5 años C12 (2)!R17,CORE_FORMULA_REF
Flujo 5 años C20!G15,Flujo 5 años C12 (2)!S17,CORE_FORMULA_REF
Flujo 5 años C20!H15,Flujo 5 años C12 (2)!T17,CORE_FORMULA_REF
Flujo 5 años C20!I15,Flujo 5 años C12 (2)!U17,CORE_FORMULA_REF
Flujo 5 años C20!J15,Flujo 5 años C12 (2)!V17,CORE_FORMULA_REF
Flujo 5 años C20!K15,Flujo 5 años C12 (2)!W17,CORE_FORMULA_REF
Flujo 5 años C20!L15,Flujo 5 años C12 (2)!X17,CORE_FORMULA_REF
Flujo 5 años C20!M15,Flujo 5 años C12 (2)!Y17,CORE_FORMULA_REF
Flujo 5 años C12 (2)!Q17:Y17,Flujo 5 años C12 (2)!Z17,CORE_FORMULA_REF
Flujo mensual!P16,Flujo 5 años C12 (2)!F18,CORE_FORMULA_REF
Flujo 5 años C12 (2)!E18:M18,Flujo 5 años C12 (2)!N18,CORE_FORMULA_REF
Flujo 5 años C20!D16,Flujo 5 años C12 (2)!P18,CORE_FORMULA_REF
Flujo 5 años C20!E16,Flujo 5 años C12 (2)!Q18,CORE_FORMULA_REF
Flujo 5 años C20!F16,Flujo 5 años C12 (2)!R18,CORE_FORMULA_REF
Flujo 5 años C20!G16,Flujo 5 años C12 (2)!S18,CORE_FORMULA_REF
Flujo 5 años C20!H16,Flujo 5 años C12 (2)!T18,CORE_FORMULA_REF
Flujo 5 años C20!I16,Flujo 5 años C12 (2)!U18,CORE_FORMULA_REF
Flujo 5 años C20!J16,Flujo 5 años C12 (2)!V18,CORE_FORMULA_REF
Flujo 5 años C20!K16,Flujo 5 años C12 (2)!W18,CORE_FORMULA_REF
Flujo 5 años C20!L16,Flujo 5 años C12 (2)!X18,CORE_FORMULA_REF
Flujo 5 años C20!M16,Flujo 5 años C12 (2)!Y18,CORE_FORMULA_REF
Flujo 5 años C12 (2)!Q18:Y18,Flujo 5 años C12 (2)!Z18,CORE_FORMULA_REF
Flujo mensual!P17,Flujo 5 años C12 (2)!F19,CORE_FORMULA_REF
Flujo mensual!$O$17,Flujo 5 años C12 (2)!G19,CORE_FORMULA_REF
Flujo mensual!$O$17,Flujo 5 años C12 (2)!H19,CORE_FORMULA_REF
Flujo mensual!$O$17,Flujo 5 años C12 (2)!I19,CORE_FORMULA_REF
Flujo mensual!$O$17,Flujo 5 años C12 (2)!J19,CORE_FORMULA_REF
Flujo 5 años C12 (2)!E19:M19,Flujo 5 años C12 (2)!N19,CORE_FORMULA_REF
Flujo 5 años C20!D17,Flujo 5 años C12 (2)!P19,CORE_FORMULA_REF
Flujo 5 años C20!E17,Flujo 5 años C12 (2)!Q19,CORE_FORMULA_REF
Flujo 5 años C20!F17,Flujo 5 años C12 (2)!R19,CORE_FORMULA_REF
Flujo 5 años C20!G17,Flujo 5 años C12 (2)!S19,CORE_FORMULA_REF
Flujo 5 años C20!H17,Flujo 5 años C12 (2)!T19,CORE_FORMULA_REF
Flujo 5 años C20!I17,Flujo 5 años C12 (2)!U19,CORE_FORMULA_REF
Flujo 5 años C20!J17,Flujo 5 años C12 (2)!V19,CORE_FORMULA_REF
Flujo 5 años C20!K17,Flujo 5 años C12 (2)!W19,CORE_FORMULA_REF
Flujo 5 años C20!L17,Flujo 5 años C12 (2)!X19,CORE_FORMULA_REF
Flujo 5 años C20!M17,Flujo 5 años C12 (2)!Y19,CORE_FORMULA_REF
Flujo 5 años C12 (2)!Q19:Y19,Flujo 5 años C12 (2)!Z19,CORE_FORMULA_REF
Flujo mensual!$P$19,Flujo 5 años C12 (2)!F20,CORE_FORMULA_REF
Flujo mensual!$P$19,Flujo 5 años C12 (2)!G20,CORE_FORMULA_REF
Flujo mensual!$P$19,Flujo 5 años C12 (2)!H20,CORE_FORMULA_REF
Flujo mensual!$P$19,Flujo 5 años C12 (2)!I20,CORE_FORMULA_REF
Flujo mensual!$P$19,Flujo 5 años C12 (2)!J20,CORE_FORMULA_REF
Flujo 5 años C12 (2)!E20:M20,Flujo 5 años C12 (2)!N20,CORE_FORMULA_REF
Flujo 5 años C20!D18,Flujo 5 años C12 (2)!P20,CORE_FORMULA_REF
Flujo 5 años C20!E18,Flujo 5 años C12 (2)!Q20,CORE_FORMULA_REF
Flujo 5 años C20!F18,Flujo 5 años C12 (2)!R20,CORE_FORMULA_REF
Flujo 5 años C20!G18,Flujo 5 años C12 (2)!S20,CORE_FORMULA_REF
Flujo 5 años C20!H18,Flujo 5 años C12 (2)!T20,CORE_FORMULA_REF
Flujo 5 años C20!I18,Flujo 5 años C12 (2)!U20,CORE_FORMULA_REF
Flujo 5 años C20!J18,Flujo 5 años C12 (2)!V20,CORE_FORMULA_REF
Flujo 5 años C20!K18,Flujo 5 años C12 (2)!W20,CORE_FORMULA_REF
Flujo 5 años C20!L18,Flujo 5 años C12 (2)!X20,CORE_FORMULA_REF
Flujo 5 años C20!M18,Flujo 5 años C12 (2)!Y20,CORE_FORMULA_REF
Flujo 5 años C12 (2)!Q20:Y20,Flujo 5 años C12 (2)!Z20,CORE_FORMULA_REF
Crédito C12!O9,Flujo 5 años C12 (2)!F21,CORE_FORMULA_REF
Crédito C12!AA9,Flujo 5 años C12 (2)!G21,CORE_FORMULA_REF
Crédito C12!AM9,Flujo 5 años C12 (2)!H21,CORE_FORMULA_REF
Crédito C12!AY9,Flujo 5 años C12 (2)!I21,CORE_FORMULA_REF
Crédito C12!BK9,Flujo 5 años C12 (2)!J21,CORE_FORMULA_REF
Flujo 5 años C12 (2)!E21:M21,Flujo 5 años C12 (2)!N21,CORE_FORMULA_REF
Flujo 5 años C20!D19,Flujo 5 años C12 (2)!P21,CORE_FORMULA_REF
Flujo 5 años C20!E19,Flujo 5 años C12 (2)!Q21,CORE_FORMULA_REF
Flujo 5 años C20!F19,Flujo 5 años C12 (2)!R21,CORE_FORMULA_REF
Flujo 5 años C20!G19,Flujo 5 años C12 (2)!S21,CORE_FORMULA_REF
Flujo 5 años C20!H19,Flujo 5 años C12 (2)!T21,CORE_FORMULA_REF
Flujo 5 años C20!I19,Flujo 5 años C12 (2)!U21,CORE_FORMULA_REF
Flujo 5 años C20!J19,Flujo 5 años C12 (2)!V21,CORE_FORMULA_REF
Flujo 5 años C20!K19,Flujo 5 años C12 (2)!W21,CORE_FORMULA_REF
Flujo 5 años C20!L19,Flujo 5 años C12 (2)!X21,CORE_FORMULA_REF
Flujo 5 años C20!M19,Flujo 5 años C12 (2)!Y21,CORE_FORMULA_REF
Flujo 5 años C12 (2)!Q21:Y21,Flujo 5 años C12 (2)!Z21,CORE_FORMULA_REF
Flujo mensual!P20,Flujo 5 años C12 (2)!F22,CORE_FORMULA_REF
Flujo mensual!$O$20,Flujo 5 años C12 (2)!G22,CORE_FORMULA_REF
Flujo mensual!$O$20,Flujo 5 años C12 (2)!H22,CORE_FORMULA_REF
Flujo mensual!$O$20,Flujo 5 años C12 (2)!I22,CORE_FORMULA_REF
Flujo mensual!$O$20,Flujo 5 años C12 (2)!J22,CORE_FORMULA_REF
Flujo 5 años C12 (2)!E22:M22,Flujo 5 años C12 (2)!N22,CORE_FORMULA_REF
Flujo 5 años C20!D20,Flujo 5 años C12 (2)!P22,CORE_FORMULA_REF
Flujo 5 años C20!E20,Flujo 5 años C12 (2)!Q22,CORE_FORMULA_REF
Flujo 5 años C20!F20,Flujo 5 años C12 (2)!R22,CORE_FORMULA_REF
Flujo 5 años C20!G20,Flujo 5 años C12 (2)!S22,CORE_FORMULA_REF
Flujo 5 años C20!H20,Flujo 5 años C12 (2)!T22,CORE_FORMULA_REF
Flujo 5 años C20!I20,Flujo 5 años C12 (2)!U22,CORE_FORMULA_REF
Flujo 5 años C20!J20,Flujo 5 años C12 (2)!V22,CORE_FORMULA_REF
Flujo 5 años C20!K20,Flujo 5 años C12 (2)!W22,CORE_FORMULA_REF
Flujo 5 años C20!L20,Flujo 5 años C12 (2)!X22,CORE_FORMULA_REF
Flujo 5 años C20!M20,Flujo 5 años C12 (2)!Y22,CORE_FORMULA_REF
Flujo 5 años C12 (2)!Q22:Y22,Flujo 5 años C12 (2)!Z22,CORE_FORMULA_REF
Flujo 5 años C12 (2)!Q23:Y23,Flujo 5 años C12 (2)!Z23,CORE_FORMULA_REF
Flujo 5 años C12 (2)!E12:E23,Flujo 5 años C12 (2)!E24,CORE_FORMULA_REF
Flujo 5 años C12 (2)!F12:F23,Flujo 5 años C12 (2)!F24,CORE_FORMULA_REF
Flujo 5 años C12 (2)!G12:G23,Flujo 5 años C12 (2)!G24,CORE_FORMULA_REF
Flujo 5 años C12 (2)!H12:H23,Flujo 5 años C12 (2)!H24,CORE_FORMULA_REF
Flujo 5 años C12 (2)!I12:I23,Flujo 5 años C12 (2)!I24,CORE_FORMULA_REF
Flujo 5 años C12 (2)!J12:J23,Flujo 5 años C12 (2)!J24,CORE_FORMULA_REF
Flujo 5 años C12 (2)!K12:K23,Flujo 5 años C12 (2)!K24,CORE_FORMULA_REF
Flujo 5 años C12 (2)!L12:L22,Flujo 5 años C12 (2)!L24,CORE_FORMULA_REF
Flujo 5 años C12 (2)!M12:M22,Flujo 5 años C12 (2)!M24,CORE_FORMULA_REF
Flujo 5 años C12 (2)!N12:N22,Flujo 5 años C12 (2)!N24,CORE_FORMULA_REF
Flujo 5 años C12 (2)!Q12:Q23,Flujo 5 años C12 (2)!Q24,CORE_FORMULA_REF
Flujo 5 años C12 (2)!R12:R23,Flujo 5 años C12 (2)!R24,CORE_FORMULA_REF
Flujo 5 años C12 (2)!S12:S23,Flujo 5 años C12 (2)!S24,CORE_FORMULA_REF
Flujo 5 años C12 (2)!T12:T23,Flujo 5 años C12 (2)!T24,CORE_FORMULA_REF
Flujo 5 años C12 (2)!U12:U23,Flujo 5 años C12 (2)!U24,CORE_FORMULA_REF
Flujo 5 años C12 (2)!V12:V23,Flujo 5 años C12 (2)!V24,CORE_FORMULA_REF
Flujo 5 años C12 (2)!W12:W23,Flujo 5 años C12 (2)!W24,CORE_FORMULA_REF
Flujo 5 años C12 (2)!X12:X23,Flujo 5 años C12 (2)!X24,CORE_FORMULA_REF
Flujo 5 años C12 (2)!Y12:Y23,Flujo 5 años C12 (2)!Y24,CORE_FORMULA_REF
Flujo 5 años C12 (2)!Z12:Z23,Flujo 5 años C12 (2)!Z24,CORE_FORMULA_REF
Flujo 5 años C12 (2)!E9,Flujo 5 años C12 (2)!E26,CORE_FORMULA_REF
Flujo 5 años C12 (2)!E24,Flujo 5 años C12 (2)!E26,CORE_FORMULA_REF
Flujo 5 años C12 (2)!F9,Flujo 5 años C12 (2)!F26,CORE_FORMULA_REF
Flujo 5 años C12 (2)!F24,Flujo 5 años C12 (2)!F26,CORE_FORMULA_REF
Flujo 5 años C12 (2)!G9,Flujo 5 años C12 (2)!G26,CORE_FORMULA_REF
Flujo 5 años C12 (2)!G24,Flujo 5 años C12 (2)!G26,CORE_FORMULA_REF
Flujo 5 años C12 (2)!H9,Flujo 5 años C12 (2)!H26,CORE_FORMULA_REF
Flujo 5 años C12 (2)!H24,Flujo 5 años C12 (2)!H26,CORE_FORMULA_REF
Flujo 5 años C12 (2)!I9,Flujo 5 años C12 (2)!I26,CORE_FORMULA_REF
Flujo 5 años C12 (2)!I24,Flujo 5 años C12 (2)!I26,CORE_FORMULA_REF
Flujo 5 años C12 (2)!J9,Flujo 5 años C12 (2)!J26,CORE_FORMULA_REF
Flujo 5 años C12 (2)!J24,Flujo 5 años C12 (2)!J26,CORE_FORMULA_REF
Flujo 5 años C12 (2)!L9,Flujo 5 años C12 (2)!L26,CORE_FORMULA_REF
Flujo 5 años C12 (2)!L24,Flujo 5 años C12 (2)!L26,CORE_FORMULA_REF
Flujo 5 años C12 (2)!M9,Flujo 5 años C12 (2)!M26,CORE_FORMULA_REF
Flujo 5 años C12 (2)!M24,Flujo 5 años C12 (2)!M26,CORE_FORMULA_REF
Flujo 5 años C12 (2)!N9,Flujo 5 años C12 (2)!N26,CORE_FORMULA_REF
Flujo 5 años C12 (2)!N24,Flujo 5 años C12 (2)!N26,CORE_FORMULA_REF
Flujo 5 años C12 (2)!Q9,Flujo 5 años C12 (2)!Q26,CORE_FORMULA_REF
Flujo 5 años C12 (2)!Q24,Flujo 5 años C12 (2)!Q26,CORE_FORMULA_REF
Flujo 5 años C12 (2)!R9,Flujo 5 años C12 (2)!R26,CORE_FORMULA_REF
Flujo 5 años C12 (2)!R24,Flujo 5 años C12 (2)!R26,CORE_FORMULA_REF
Flujo 5 años C12 (2)!S9,Flujo 5 años C12 (2)!S26,CORE_FORMULA_REF
Flujo 5 años C12 (2)!S24,Flujo 5 años C12 (2)!S26,CORE_FORMULA_REF
Flujo 5 años C12 (2)!T9,Flujo 5 años C12 (2)!T26,CORE_FORMULA_REF
Flujo 5 años C12 (2)!T24,Flujo 5 años C12 (2)!T26,CORE_FORMULA_REF
Flujo 5 años C12 (2)!U9,Flujo 5 años C12 (2)!U26,CORE_FORMULA_REF
Flujo 5 años C12 (2)!U24,Flujo 5 años C12 (2)!U26,CORE_FORMULA_REF
Flujo 5 años C12 (2)!V9,Flujo 5 años C12 (2)!V26,CORE_FORMULA_REF
Flujo 5 años C12 (2)!V24,Flujo 5 años C12 (2)!V26,CORE_FORMULA_REF
Flujo 5 años C12 (2)!X9,Flujo 5 años C12 (2)!X26,CORE_FORMULA_REF
Flujo 5 años C12 (2)!X24,Flujo 5 años C12 (2)!X26,CORE_FORMULA_REF
Flujo 5 años C12 (2)!Y9,Flujo 5 años C12 (2)!Y26,CORE_FORMULA_REF
Flujo 5 años C12 (2)!Y24,Flujo 5 años C12 (2)!Y26,CORE_FORMULA_REF
Flujo 5 años C12 (2)!Q26:Y26,Flujo 5 años C12 (2)!Z26,CORE_FORMULA_REF
Flujo 5 años C12 (2)!E26,Flujo 5 años C12 (2)!E27,CORE_FORMULA_REF
Flujo 5 años C12 (2)!E27,Flujo 5 años C12 (2)!F27,CORE_FORMULA_REF
Flujo 5 años C12 (2)!F26,Flujo 5 años C12 (2)!F27,CORE_FORMULA_REF
Flujo 5 años C12 (2)!F27,Flujo 5 años C12 (2)!G27,CORE_FORMULA_REF
Flujo 5 años C12 (2)!G26,Flujo 5 años C12 (2)!G27,CORE_FORMULA_REF
Flujo 5 años C12 (2)!G27,Flujo 5 años C12 (2)!H27,CORE_FORMULA_REF
Flujo 5 años C12 (2)!H26,Flujo 5 años C12 (2)!H27,CORE_FORMULA_REF
Flujo 5 años C12 (2)!H27,Flujo 5 años C12 (2)!I27,CORE_FORMULA_REF
Flujo 5 años C12 (2)!I26,Flujo 5 años C12 (2)!I27,CORE_FORMULA_REF
Flujo 5 años C12 (2)!I27,Flujo 5 años C12 (2)!J27,CORE_FORMULA_REF
Flujo 5 años C12 (2)!J26,Flujo 5 años C12 (2)!J27,CORE_FORMULA_REF
Flujo 5 años C12 (2)!E6,Flujo 5 años C12 (2)!E29,CORE_FORMULA_REF
Flujo 5 años C12 (2)!E7,Flujo 5 años C12 (2)!E29,CORE_FORMULA_REF
Flujo 5 años C12 (2)!E22,Flujo 5 años C12 (2)!E29,CORE_FORMULA_REF
Flujo 5 años C12 (2)!F6,Flujo 5 años C12 (2)!F29,CORE_FORMULA_REF
Flujo 5 años C12 (2)!F7,Flujo 5 años C12 (2)!F29,CORE_FORMULA_REF
Flujo 5 años C12 (2)!F22,Flujo 5 años C12 (2)!F29,CORE_FORMULA_REF
Flujo 5 años C12 (2)!F29,Flujo 5 años C12 (2)!G29,CORE_FORMULA_REF
Flujo 5 años C12 (2)!G22,Flujo 5 años C12 (2)!G29,CORE_FORMULA_REF
Flujo 5 años C12 (2)!G29,Flujo 5 años C12 (2)!H29,CORE_FORMULA_REF
Flujo 5 años C12 (2)!H22,Flujo 5 años C12 (2)!H29,CORE_FORMULA_REF
Flujo 5 años C12 (2)!H29,Flujo 5 años C12 (2)!I29,CORE_FORMULA_REF
Flujo 5 años C12 (2)!I22,Flujo 5 años C12 (2)!I29,CORE_FORMULA_REF
Flujo 5 años C12 (2)!I29,Flujo 5 años C12 (2)!N29,CORE_FORMULA_REF
Flujo 5 años C12 (2)!J22,Flujo 5 años C12 (2)!N29,CORE_FORMULA_REF
Flujo 5 años C12 (2)!Q6,Flujo 5 años C12 (2)!Q29,CORE_FORMULA_REF
Flujo 5 años C12 (2)!Q7,Flujo 5 años C12 (2)!Q29,CORE_FORMULA_REF
Flujo 5 años C12 (2)!Q22,Flujo 5 años C12 (2)!Q29,CORE_FORMULA_REF
Flujo 5 años C12 (2)!R6,Flujo 5 años C12 (2)!R29,CORE_FORMULA_REF
Flujo 5 años C12 (2)!R7,Flujo 5 años C12 (2)!R29,CORE_FORMULA_REF
Flujo 5 años C12 (2)!R22,Flujo 5 años C12 (2)!R29,CORE_FORMULA_REF
Flujo 5 años C12 (2)!R29,Flujo 5 años C12 (2)!S29,CORE_FORMULA_REF
Flujo 5 años C12 (2)!S22,Flujo 5 años C12 (2)!S29,CORE_FORMULA_REF
Flujo 5 años C12 (2)!S29,Flujo 5 años C12 (2)!T29,CORE_FORMULA_REF
Flujo 5 años C12 (2)!T22,Flujo 5 años C12 (2)!T29,CORE_FORMULA_REF
Flujo 5 años C12 (2)!T29,Flujo 5 años C12 (2)!U29,CORE_FORMULA_REF
Flujo 5 años C12 (2)!U22,Flujo 5 años C12 (2)!U29,CORE_FORMULA_REF
Flujo 5 años C12 (2)!U29,Flujo 5 años C12 (2)!Z29,CORE_FORMULA_REF
Flujo 5 años C12 (2)!V22,Flujo 5 años C12 (2)!Z29,CORE_FORMULA_REF
Crédito Comercial 12A!K67,Flujo 5 años C12 (2)!N30,CORE_FORMULA_REF
Crédito Comercial 20A!K67,Flujo 5 años C12 (2)!Z30,CORE_FORMULA_REF
Flujo 5 años C12 (2)!E32:J32,Flujo 5 años C12 (2)!N32,CORE_FORMULA_REF
Flujo 5 años C20!E30,Flujo 5 años C12 (2)!Q32,CORE_FORMULA_REF
Flujo 5 años C20!F30,Flujo 5 años C12 (2)!R32,CORE_FORMULA_REF
Flujo 5 años C20!G30,Flujo 5 años C12 (2)!S32,CORE_FORMULA_REF
Flujo 5 años C20!H30,Flujo 5 años C12 (2)!T32,CORE_FORMULA_REF
Flujo 5 años C20!I30,Flujo 5 años C12 (2)!U32,CORE_FORMULA_REF
Flujo 5 años C20!J30,Flujo 5 años C12 (2)!V32,CORE_FORMULA_REF
Flujo 5 años C20!K30,Flujo 5 años C12 (2)!W32,CORE_FORMULA_REF
Flujo 5 años C20!L30,Flujo 5 años C12 (2)!X32,CORE_FORMULA_REF
Flujo 5 años C20!M30,Flujo 5 años C12 (2)!Y32,CORE_FORMULA_REF
Flujo 5 años C12 (2)!Q32:Y32,Flujo 5 años C12 (2)!Z32,CORE_FORMULA_REF
Flujo 5 años C12 (2)!N32,Flujo 5 años C12 (2)!L33,CORE_FORMULA_REF
Flujo 5 años C12 (2)!N32,Flujo 5 años C12 (2)!N33,CORE_FORMULA_REF
Flujo 5 años C20!E31,Flujo 5 años C12 (2)!Q33,CORE_FORMULA_REF
Flujo 5 años C20!F31,Flujo 5 años C12 (2)!R33,CORE_FORMULA_REF
Flujo 5 años C20!G31,Flujo 5 años C12 (2)!S33,CORE_FORMULA_REF
Flujo 5 años C20!H31,Flujo 5 años C12 (2)!T33,CORE_FORMULA_REF
Flujo 5 años C20!I31,Flujo 5 años C12 (2)!U33,CORE_FORMULA_REF
Flujo 5 años C20!J31,Flujo 5 años C12 (2)!V33,CORE_FORMULA_REF
Flujo 5 años C20!K31,Flujo 5 años C12 (2)!W33,CORE_FORMULA_REF
Flujo 5 años C20!L31,Flujo 5 años C12 (2)!X33,CORE_FORMULA_REF
Flujo 5 años C20!M31,Flujo 5 años C12 (2)!Y33,CORE_FORMULA_REF
Flujo 5 años C12 (2)!Q33:Y33,Flujo 5 años C12 (2)!Z33,CORE_FORMULA_REF
Flujo 5 años C12 (2)!L38,Flujo 5 años C12 (2)!M34,CORE_FORMULA_REF
Flujo 5 años C12 (2)!E32:E34,Flujo 5 años C12 (2)!E35,CORE_FORMULA_REF
Flujo 5 años C12 (2)!F32:F34,Flujo 5 años C12 (2)!F35,CORE_FORMULA_REF
Flujo 5 años C12 (2)!G32:G34,Flujo 5 años C12 (2)!G35,CORE_FORMULA_REF
Flujo 5 años C12 (2)!H32:H34,Flujo 5 años C12 (2)!H35,CORE_FORMULA_REF
Flujo 5 años C12 (2)!I32:I34,Flujo 5 años C12 (2)!I35,CORE_FORMULA_REF
Flujo 5 años C12 (2)!J32:J34,Flujo 5 años C12 (2)!J35,CORE_FORMULA_REF
Flujo 5 años C12 (2)!L32:L34,Flujo 5 años C12 (2)!L35,CORE_FORMULA_REF
Flujo 5 años C12 (2)!M32:M34,Flujo 5 años C12 (2)!M35,CORE_FORMULA_REF
Flujo 5 años C12 (2)!N32:N34,Flujo 5 años C12 (2)!N35,CORE_FORMULA_REF
Flujo 5 años C12 (2)!E27,Flujo 5 años C12 (2)!E37,CORE_FORMULA_REF
Flujo 5 años C12 (2)!E35,Flujo 5 años C12 (2)!E37,CORE_FORMULA_REF
Flujo 5 años C12 (2)!F26,Flujo 5 años C12 (2)!F37,CORE_FORMULA_REF
Flujo 5 años C12 (2)!F35,Flujo 5 años C12 (2)!F37,CORE_FORMULA_REF
Flujo 5 años C12 (2)!G26,Flujo 5 años C12 (2)!G37,CORE_FORMULA_REF
Flujo 5 años C12 (2)!G35,Flujo 5 años C12 (2)!G37,CORE_FORMULA_REF
Flujo 5 años C12 (2)!H26,Flujo 5 años C12 (2)!H37,CORE_FORMULA_REF
Flujo 5 años C12 (2)!H35,Flujo 5 años C12 (2)!H37,CORE_FORMULA_REF
Flujo 5 años C12 (2)!I26,Flujo 5 años C12 (2)!I37,CORE_FORMULA_REF
Flujo 5 años C12 (2)!I35,Flujo 5 años C12 (2)!I37,CORE_FORMULA_REF
Flujo 5 años C12 (2)!J26,Flujo 5 años C12 (2)!J37,CORE_FORMULA_REF
Flujo 5 años C12 (2)!N29,Flujo 5 años C12 (2)!J37,CORE_FORMULA_REF
Flujo 5 años C12 (2)!N30,Flujo 5 años C12 (2)!J37,CORE_FORMULA_REF
Flujo 5 años C12 (2)!J35,Flujo 5 años C12 (2)!J37,CORE_FORMULA_REF
Flujo 5 años C12 (2)!L26,Flujo 5 años C12 (2)!L37,CORE_FORMULA_REF
Flujo 5 años C12 (2)!L35,Flujo 5 años C12 (2)!L37,CORE_FORMULA_REF
Flujo 5 años C12 (2)!L29,Flujo 5 años C12 (2)!L37,CORE_FORMULA_REF
Flujo 5 años C12 (2)!L30,Flujo 5 años C12 (2)!L37,CORE_FORMULA_REF
Flujo 5 años C12 (2)!M26,Flujo 5 años C12 (2)!M37,CORE_FORMULA_REF
Flujo 5 años C12 (2)!M35,Flujo 5 años C12 (2)!M37,CORE_FORMULA_REF
Flujo 5 años C12 (2)!M29,Flujo 5 años C12 (2)!M37,CORE_FORMULA_REF
Flujo 5 años C12 (2)!M30,Flujo 5 años C12 (2)!M37,CORE_FORMULA_REF
Flujo 5 años C12 (2)!E37:M37,Flujo 5 años C12 (2)!N37,CORE_FORMULA_REF
Flujo 5 años C12 (2)!E37,Flujo 5 años C12 (2)!E38,CORE_FORMULA_REF
Flujo 5 años C12 (2)!F37,Flujo 5 años C12 (2)!F38,CORE_FORMULA_REF
Flujo 5 años C12 (2)!E38,Flujo 5 años C12 (2)!F38,CORE_FORMULA_REF
Flujo 5 años C12 (2)!G37,Flujo 5 años C12 (2)!G38,CORE_FORMULA_REF
Flujo 5 años C12 (2)!F38,Flujo 5 años C12 (2)!G38,CORE_FORMULA_REF
Flujo 5 años C12 (2)!H37,Flujo 5 años C12 (2)!H38,CORE_FORMULA_REF
Flujo 5 años C12 (2)!G38,Flujo 5 años C12 (2)!H38,CORE_FORMULA_REF
Flujo 5 años C12 (2)!I37,Flujo 5 años C12 (2)!I38,CORE_FORMULA_REF
Flujo 5 años C12 (2)!H38,Flujo 5 años C12 (2)!I38,CORE_FORMULA_REF
Flujo 5 años C12 (2)!J37,Flujo 5 años C12 (2)!J38,CORE_FORMULA_REF
Flujo 5 años C12 (2)!I38,Flujo 5 años C12 (2)!J38,CORE_FORMULA_REF
Flujo 5 años C12 (2)!L37,Flujo 5 años C12 (2)!L38,CORE_FORMULA_REF
Flujo 5 años C12 (2)!J38,Flujo 5 años C12 (2)!L38,CORE_FORMULA_REF
Flujo 5 años C12 (2)!M37,Flujo 5 años C12 (2)!M38,CORE_FORMULA_REF
Flujo 5 años C12 (2)!L38,Flujo 5 años C12 (2)!M38,CORE_FORMULA_REF
Flujo 5 años C12 (2)!J27,Flujo 5 años C12 (2)!M40,CORE_FORMULA_REF
Flujo 5 años C12 (2)!N29,Flujo 5 años C12 (2)!M40,CORE_FORMULA_REF
Flujo 5 años C12 (2)!N30,Flujo 5 años C12 (2)!M40,CORE_FORMULA_REF
Flujo 5 años C12 (2)!N26,Flujo 5 años C12 (2)!N40,CORE_FORMULA_REF
Flujo 5 años C12 (2)!N29,Flujo 5 años C12 (2)!N40,CORE_FORMULA_REF
Flujo 5 años C12 (2)!N30,Flujo 5 años C12 (2)!N40,CORE_FORMULA_REF
Flujo 5 años C20!E38,Flujo 5 años C12 (2)!Q40,CORE_FORMULA_REF
Flujo 5 años C20!F38,Flujo 5 años C12 (2)!R40,CORE_FORMULA_REF
Flujo 5 años C20!G38,Flujo 5 años C12 (2)!S40,CORE_FORMULA_REF
Flujo 5 años C20!H38,Flujo 5 años C12 (2)!T40,CORE_FORMULA_REF
Flujo 5 años C20!I38,Flujo 5 años C12 (2)!U40,CORE_FORMULA_REF
Flujo 5 años C20!J38,Flujo 5 años C12 (2)!V40,CORE_FORMULA_REF
Flujo 5 años C20!K38,Flujo 5 años C12 (2)!W40,CORE_FORMULA_REF
Flujo 5 años C20!L38,Flujo 5 años C12 (2)!X40,CORE_FORMULA_REF
Flujo 5 años C20!M38,Flujo 5 años C12 (2)!Y40,CORE_FORMULA_REF
Flujo 5 años C12 (2)!Z26,Flujo 5 años C12 (2)!Z40,CORE_FORMULA_REF
Flujo 5 años C12 (2)!Z29,Flujo 5 años C12 (2)!Z40,CORE_FORMULA_REF
Flujo 5 años C12 (2)!Z30,Flujo 5 años C12 (2)!Z40,CORE_FORMULA_REF
Flujo mensual!P4,Flujo 5 años C20!F3,CORE_FORMULA_REF
Flujo mensual!$O$4,Flujo 5 años C20!G3,CORE_FORMULA_REF
Flujo mensual!$O$4,Flujo 5 años C20!H3,CORE_FORMULA_REF
Flujo mensual!$O$4,Flujo 5 años C20!I3,CORE_FORMULA_REF
Flujo mensual!$O$4,Flujo 5 años C20!J3,CORE_FORMULA_REF
Flujo 5 años C20!F3:M3,Flujo 5 años C20!N3,CORE_FORMULA_REF
Flujo mensual!G5,Flujo 5 años C20!F4,CORE_FORMULA_REF
Flujo 5 años C20!F4:M4,Flujo 5 años C20!N4,CORE_FORMULA_REF
Flujo mensual!G6,Flujo 5 años C20!F5,CORE_FORMULA_REF
Flujo 5 años C20!F5:M5,Flujo 5 años C20!N5,CORE_FORMULA_REF
IVA Dptos!AD23,Flujo 5 años C20!J6,CORE_FORMULA_REF
Flujo 5 años C20!F6:M6,Flujo 5 años C20!N6,CORE_FORMULA_REF
Flujo 5 años C20!E3:E6,Flujo 5 años C20!E7,CORE_FORMULA_REF
Flujo 5 años C20!F3:F6,Flujo 5 años C20!F7,CORE_FORMULA_REF
Flujo 5 años C20!G3:G6,Flujo 5 años C20!G7,CORE_FORMULA_REF
Flujo 5 años C20!H3:H6,Flujo 5 años C20!H7,CORE_FORMULA_REF
Flujo 5 años C20!I3:I6,Flujo 5 años C20!I7,CORE_FORMULA_REF
Flujo 5 años C20!J3:J6,Flujo 5 años C20!J7,CORE_FORMULA_REF
Flujo 5 años C20!K3:K6,Flujo 5 años C20!K7,CORE_FORMULA_REF
Flujo 5 años C20!L3:L6,Flujo 5 años C20!L7,CORE_FORMULA_REF
Flujo 5 años C20!M3:M6,Flujo 5 años C20!M7,CORE_FORMULA_REF
Flujo 5 años C20!N3:N6,Flujo 5 años C20!N7,CORE_FORMULA_REF
Flujo mensual!C11,Flujo 5 años C20!E10,CORE_FORMULA_REF
Flujo 5 años C20!E10:M10,Flujo 5 años C20!N10,CORE_FORMULA_REF
Flujo mensual!$P$12,Flujo 5 años C20!F11,CORE_FORMULA_REF
Flujo mensual!$P$12,Flujo 5 años C20!G11,CORE_FORMULA_REF
Flujo mensual!$P$12,Flujo 5 años C20!H11,CORE_FORMULA_REF
Flujo mensual!$P$12,Flujo 5 años C20!I11,CORE_FORMULA_REF
Flujo mensual!$P$12,Flujo 5 años C20!J11,CORE_FORMULA_REF
Flujo 5 años C20!E11:M11,Flujo 5 años C20!N11,CORE_FORMULA_REF
Crédito Comercial 12A!D10,Flujo 5 años C20!E12,CORE_FORMULA_REF
Flujo 5 años C20!E12:M12,Flujo 5 años C20!N12,CORE_FORMULA_REF
Crédito Comercial 20A!$H$8,Flujo 5 años C20!F13,CORE_FORMULA_REF
Crédito Comercial 20A!$H$8,Flujo 5 años C20!G13,CORE_FORMULA_REF
Crédito Comercial 20A!$H$8,Flujo 5 años C20!H13,CORE_FORMULA_REF
Crédito Comercial 20A!$H$8,Flujo 5 años C20!I13,CORE_FORMULA_REF
Crédito Comercial 20A!$H$8,Flujo 5 años C20!J13,CORE_FORMULA_REF
Flujo 5 años C20!E13:M13,Flujo 5 años C20!N13,CORE_FORMULA_REF
Flujo mensual!P14,Flujo 5 años C20!E14,CORE_FORMULA_REF
Flujo 5 años C20!E14:M14,Flujo 5 años C20!N14,CORE_FORMULA_REF
Flujo mensual!P15,Flujo 5 años C20!F15,CORE_FORMULA_REF
Flujo 5 años C20!E15:M15,Flujo 5 años C20!N15,CORE_FORMULA_REF
Flujo mensual!P16,Flujo 5 años C20!F16,CORE_FORMULA_REF
Flujo 5 años C20!E16:M16,Flujo 5 años C20!N16,CORE_FORMULA_REF
Flujo mensual!P17,Flujo 5 años C20!F17,CORE_FORMULA_REF
Flujo mensual!$O$17,Flujo 5 años C20!G17,CORE_FORMULA_REF
Flujo mensual!$O$17,Flujo 5 años C20!H17,CORE_FORMULA_REF
Flujo mensual!$O$17,Flujo 5 años C20!I17,CORE_FORMULA_REF
Flujo mensual!$O$17,Flujo 5 años C20!J17,CORE_FORMULA_REF
Flujo 5 años C20!E17:M17,Flujo 5 años C20!N17,CORE_FORMULA_REF
Flujo mensual!$P$19,Flujo 5 años C20!F18,CORE_FORMULA_REF
Flujo mensual!$P$19,Flujo 5 años C20!G18,CORE_FORMULA_REF
Flujo mensual!$P$19,Flujo 5 años C20!H18,CORE_FORMULA_REF
Flujo mensual!$P$19,Flujo 5 años C20!I18,CORE_FORMULA_REF
Flujo mensual!$P$19,Flujo 5 años C20!J18,CORE_FORMULA_REF
Flujo 5 años C20!E18:M18,Flujo 5 años C20!N18,CORE_FORMULA_REF
Crédito C20!O9,Flujo 5 años C20!F19,CORE_FORMULA_REF
Crédito C20!AA9,Flujo 5 años C20!G19,CORE_FORMULA_REF
Crédito C20!AM9,Flujo 5 años C20!H19,CORE_FORMULA_REF
Crédito C20!AY9,Flujo 5 años C20!I19,CORE_FORMULA_REF
Crédito C20!BK9,Flujo 5 años C20!J19,CORE_FORMULA_REF
Flujo 5 años C20!E19:M19,Flujo 5 años C20!N19,CORE_FORMULA_REF
Flujo mensual!P20,Flujo 5 años C20!F20,CORE_FORMULA_REF
Flujo mensual!$O$20,Flujo 5 años C20!G20,CORE_FORMULA_REF
Flujo mensual!$O$20,Flujo 5 años C20!H20,CORE_FORMULA_REF
Flujo mensual!$O$20,Flujo 5 años C20!I20,CORE_FORMULA_REF
Flujo mensual!$O$20,Flujo 5 años C20!J20,CORE_FORMULA_REF
Flujo 5 años C20!E20:M20,Flujo 5 años C20!N20,CORE_FORMULA_REF
Flujo 5 años C20!E10:E21,Flujo 5 años C20!E22,CORE_FORMULA_REF
Flujo 5 años C20!F10:F21,Flujo 5 años C20!F22,CORE_FORMULA_REF
Flujo 5 años C20!G10:G21,Flujo 5 años C20!G22,CORE_FORMULA_REF
Flujo 5 años C20!H10:H21,Flujo 5 años C20!H22,CORE_FORMULA_REF
Flujo 5 años C20!I10:I21,Flujo 5 años C20!I22,CORE_FORMULA_REF
Flujo 5 años C20!J10:J21,Flujo 5 años C20!J22,CORE_FORMULA_REF
Flujo 5 años C20!K10:K21,Flujo 5 años C20!K22,CORE_FORMULA_REF
Flujo 5 años C20!L10:L20,Flujo 5 años C20!L22,CORE_FORMULA_REF
Flujo 5 años C20!M10:M20,Flujo 5 años C20!M22,CORE_FORMULA_REF
Flujo 5 años C20!N10:N20,Flujo 5 años C20!N22,CORE_FORMULA_REF
Flujo 5 años C20!E7,Flujo 5 años C20!E24,CORE_FORMULA_REF
Flujo 5 años C20!E22,Flujo 5 años C20!E24,CORE_FORMULA_REF
Flujo 5 años C20!F7,Flujo 5 años C20!F24,CORE_FORMULA_REF
Flujo 5 años C20!F22,Flujo 5 años C20!F24,CORE_FORMULA_REF
Flujo 5 años C20!G7,Flujo 5 años C20!G24,CORE_FORMULA_REF
Flujo 5 años C20!G22,Flujo 5 años C20!G24,CORE_FORMULA_REF
Flujo 5 años C20!H7,Flujo 5 años C20!H24,CORE_FORMULA_REF
Flujo 5 años C20!H22,Flujo 5 años C20!H24,CORE_FORMULA_REF
Flujo 5 años C20!I7,Flujo 5 años C20!I24,CORE_FORMULA_REF
Flujo 5 años C20!I22,Flujo 5 años C20!I24,CORE_FORMULA_REF
Flujo 5 años C20!J7,Flujo 5 años C20!J24,CORE_FORMULA_REF
Flujo 5 años C20!J22,Flujo 5 años C20!J24,CORE_FORMULA_REF
Flujo 5 años C20!L7,Flujo 5 años C20!L24,CORE_FORMULA_REF
Flujo 5 años C20!L22,Flujo 5 años C20!L24,CORE_FORMULA_REF
Flujo 5 años C20!M7,Flujo 5 años C20!M24,CORE_FORMULA_REF
Flujo 5 años C20!M22,Flujo 5 años C20!M24,CORE_FORMULA_REF
Flujo 5 años C20!E24:M24,Flujo 5 años C20!N24,CORE_FORMULA_REF
Flujo 5 años C20!E24,Flujo 5 años C20!E25,CORE_FORMULA_REF
Flujo 5 años C20!E25,Flujo 5 años C20!F25,CORE_FORMULA_REF
Flujo 5 años C20!F24,Flujo 5 años C20!F25,CORE_FORMULA_REF
Flujo 5 años C20!F25,Flujo 5 años C20!G25,CORE_FORMULA_REF
Flujo 5 años C20!G24,Flujo 5 años C20!G25,CORE_FORMULA_REF
Flujo 5 años C20!G25,Flujo 5 años C20!H25,CORE_FORMULA_REF
Flujo 5 años C20!H24,Flujo 5 años C20!H25,CORE_FORMULA_REF
Flujo 5 años C20!H25,Flujo 5 años C20!I25,CORE_FORMULA_REF
Flujo 5 años C20!I24,Flujo 5 años C20!I25,CORE_FORMULA_REF
Flujo 5 años C20!I25,Flujo 5 años C20!J25,CORE_FORMULA_REF
Flujo 5 años C20!J24,Flujo 5 años C20!J25,CORE_FORMULA_REF
Flujo 5 años C20!E4,Flujo 5 años C20!E27,CORE_FORMULA_REF
Flujo 5 años C20!E5,Flujo 5 años C20!E27,CORE_FORMULA_REF
Flujo 5 años C20!E20,Flujo 5 años C20!E27,CORE_FORMULA_REF
Flujo 5 años C20!F4,Flujo 5 años C20!F27,CORE_FORMULA_REF
Flujo 5 años C20!F5,Flujo 5 años C20!F27,CORE_FORMULA_REF
Flujo 5 años C20!F20,Flujo 5 años C20!F27,CORE_FORMULA_REF
Flujo 5 años C20!F27,Flujo 5 años C20!G27,CORE_FORMULA_REF
Flujo 5 años C20!G20,Flujo 5 años C20!G27,CORE_FORMULA_REF
Flujo 5 años C20!G27,Flujo 5 años C20!H27,CORE_FORMULA_REF
Flujo 5 años C20!H20,Flujo 5 años C20!H27,CORE_FORMULA_REF
Flujo 5 años C20!H27,Flujo 5 años C20!I27,CORE_FORMULA_REF
Flujo 5 años C20!I20,Flujo 5 años C20!I27,CORE_FORMULA_REF
Flujo 5 años C20!I27,Flujo 5 años C20!J27,CORE_FORMULA_REF
Flujo 5 años C20!J20,Flujo 5 años C20!J27,CORE_FORMULA_REF
Crédito Comercial 20A!K67,Flujo 5 años C20!J28,CORE_FORMULA_REF
Flujo 5 años C20!E30:J30,Flujo 5 años C20!N30,CORE_FORMULA_REF
Flujo 5 años C20!N30,Flujo 5 años C20!L31,CORE_FORMULA_REF
Flujo 5 años C20!L36,Flujo 5 años C20!M32,CORE_FORMULA_REF
Flujo 5 años C20!E30:E32,Flujo 5 años C20!E33,CORE_FORMULA_REF
Flujo 5 años C20!F30:F32,Flujo 5 años C20!F33,CORE_FORMULA_REF
Flujo 5 años C20!G30:G32,Flujo 5 años C20!G33,CORE_FORMULA_REF
Flujo 5 años C20!H30:H32,Flujo 5 años C20!H33,CORE_FORMULA_REF
Flujo 5 años C20!I30:I32,Flujo 5 años C20!I33,CORE_FORMULA_REF
Flujo 5 años C20!J30:J32,Flujo 5 años C20!J33,CORE_FORMULA_REF
Flujo 5 años C20!L30:L32,Flujo 5 años C20!L33,CORE_FORMULA_REF
Flujo 5 años C20!M30:M32,Flujo 5 años C20!M33,CORE_FORMULA_REF
Flujo 5 años C20!N30:N32,Flujo 5 años C20!N33,CORE_FORMULA_REF
Flujo 5 años C20!E25,Flujo 5 años C20!E35,CORE_FORMULA_REF
Flujo 5 años C20!E33,Flujo 5 años C20!E35,CORE_FORMULA_REF
Flujo 5 años C20!F24,Flujo 5 años C20!F35,CORE_FORMULA_REF
Flujo 5 años C20!F33,Flujo 5 años C20!F35,CORE_FORMULA_REF
Flujo 5 años C20!G24,Flujo 5 años C20!G35,CORE_FORMULA_REF
Flujo 5 años C20!G33,Flujo 5 años C20!G35,CORE_FORMULA_REF
Flujo 5 años C20!H24,Flujo 5 años C20!H35,CORE_FORMULA_REF
Flujo 5 años C20!H33,Flujo 5 años C20!H35,CORE_FORMULA_REF
Flujo 5 años C20!I24,Flujo 5 años C20!I35,CORE_FORMULA_REF
Flujo 5 años C20!I33,Flujo 5 años C20!I35,CORE_FORMULA_REF
Flujo 5 años C20!J24,Flujo 5 años C20!J35,CORE_FORMULA_REF
Flujo 5 años C20!J27,Flujo 5 años C20!J35,CORE_FORMULA_REF
Flujo 5 años C20!J28,Flujo 5 años C20!J35,CORE_FORMULA_REF
Flujo 5 años C20!J33,Flujo 5 años C20!J35,CORE_FORMULA_REF
Flujo 5 años C20!L24,Flujo 5 años C20!L35,CORE_FORMULA_REF
Flujo 5 años C20!L33,Flujo 5 años C20!L35,CORE_FORMULA_REF
Flujo 5 años C20!L27,Flujo 5 años C20!L35,CORE_FORMULA_REF
Flujo 5 años C20!L28,Flujo 5 años C20!L35,CORE_FORMULA_REF
Flujo 5 años C20!M24,Flujo 5 años C20!M35,CORE_FORMULA_REF
Flujo 5 años C20!M33,Flujo 5 años C20!M35,CORE_FORMULA_REF
Flujo 5 años C20!M27,Flujo 5 años C20!M35,CORE_FORMULA_REF
Flujo 5 años C20!M28,Flujo 5 años C20!M35,CORE_FORMULA_REF
Flujo 5 años C20!E35:M35,Flujo 5 años C20!N35,CORE_FORMULA_REF
Flujo 5 años C20!E35,Flujo 5 años C20!E36,CORE_FORMULA_REF
Flujo 5 años C20!F35,Flujo 5 años C20!F36,CORE_FORMULA_REF
Flujo 5 años C20!E36,Flujo 5 años C20!F36,CORE_FORMULA_REF
Flujo 5 años C20!G35,Flujo 5 años C20!G36,CORE_FORMULA_REF
Flujo 5 años C20!F36,Flujo 5 años C20!G36,CORE_FORMULA_REF
Flujo 5 años C20!H35,Flujo 5 años C20!H36,CORE_FORMULA_REF
Flujo 5 años C20!G36,Flujo 5 años C20!H36,CORE_FORMULA_REF
Flujo 5 años C20!I35,Flujo 5 años C20!I36,CORE_FORMULA_REF
Flujo 5 años C20!H36,Flujo 5 años C20!I36,CORE_FORMULA_REF
Flujo 5 años C20!J35,Flujo 5 años C20!J36,CORE_FORMULA_REF
Flujo 5 años C20!I36,Flujo 5 años C20!J36,CORE_FORMULA_REF
Flujo 5 años C20!L35,Flujo 5 años C20!L36,CORE_FORMULA_REF
Flujo 5 años C20!J36,Flujo 5 años C20!L36,CORE_FORMULA_REF
Flujo 5 años C20!M35,Flujo 5 años C20!M36,CORE_FORMULA_REF
Flujo 5 años C20!L36,Flujo 5 años C20!M36,CORE_FORMULA_REF
Flujo 5 años C20!J25,Flujo 5 años C20!M38,CORE_FORMULA_REF
Flujo 5 años C20!J27,Flujo 5 años C20!M38,CORE_FORMULA_REF
Flujo 5 años C20!J28,Flujo 5 años C20!M38,CORE_FORMULA_REF
